Timestamp,Open,High,Low,Close,Volume,CurrencyVolume,TradeAmount,Flag
1765063800000,2.0251,2.028,2.0231,2.0274,974,97424,197293.6884,0
1765062900000,2.028,2.0305,2.0228,2.0254,1142,114249,231520.5342,1
1765062000000,2.0267,2.0288,2.0229,2.0277,2903,290328,588198.0173,1
1765061100000,2.031,2.031,2.0258,2.0267,507,50743,102907.4902,1
1765060200000,2.0286,2.031,2.0284,2.031,457,45784,92933.1524,1
1765059300000,2.033,2.0351,2.0289,2.0289,1028,102801,208974.0691,1
1765058400000,2.0326,2.0335,2.0259,2.0329,1100,110037,223391.1007,1
1765057500000,2.0325,2.0338,2.0302,2.0327,884,88421,179679.8728,1
1765056600000,2.0303,2.0344,2.0303,2.0325,764,76493,155448.917,1
1765055700000,2.0284,2.0332,2.0278,2.0303,1138,113874,231261.498,1
1765054800000,2.029,2.0358,2.0273,2.029,2163,216368,439503.5387,1
1765053900000,2.0307,2.0308,2.0282,2.0292,549,54933,111472.074,1
1765053000000,2.0268,2.0307,2.0248,2.0307,1323,132358,268243.2289,1
1765052100000,2.0245,2.0278,2.0232,2.0272,1456,145668,294950.88,1
1765051200000,2.0241,2.0271,2.0218,2.0244,850,85078,172212.7359,1
1765050300000,2.0226,2.0246,2.0222,2.0244,654,65416,132347.7965,1
1765049400000,2.0287,2.0287,2.0192,2.0222,2043,204320,413084.5126,1
1765048500000,2.0264,2.0286,2.0242,2.0286,1276,127630,258629.3767,1
1765047600000,2.0289,2.0326,2.0199,2.0263,3061,306145,619644.1437,1
1765046700000,2.032,2.0329,2.0276,2.0291,925,92559,187935.3763,1
1765045800000,2.0338,2.0371,2.031,2.0323,2150,215023,437043.1447,1
1765044900000,2.0327,2.036,2.0318,2.034,3120,312002,634635.4564,1
1765044000000,2.0319,2.033,2.0279,2.0327,1022,102282,207610.7569,1
1765043100000,2.0275,2.0323,2.0273,2.0319,678,67813,137622.2503,1
1765042200000,2.0339,2.0339,2.0275,2.0275,719,71968,146125.2623,1
1765041300000,2.0341,2.0349,2.03,2.034,968,96828,196868.8209,1
1765040400000,2.0335,2.0368,2.0327,2.034,1074,107410,218524.5772,1
1765039500000,2.0362,2.038,2.0334,2.0339,981,98165,199741.0328,1
1765038600000,2.0312,2.0376,2.0276,2.0362,2200,220012,447459.0391,1
1765037700000,2.0342,2.0351,2.029,2.0312,1002,100235,203683.6887,1
1765036800000,2.028,2.035,2.0259,2.0343,1987,198739,403859.8087,1
1765035900000,2.029,2.032,2.0276,2.0283,1287,128777,261485.4119,1
1765035000000,2.0245,2.0294,2.0205,2.0287,2544,254481,515063.78,1
1765034100000,2.0336,2.0336,2.0215,2.024,2399,239977,485995.4039,1
1765033200000,2.0382,2.0389,2.0316,2.034,1589,158990,323463.6803,1
1765032300000,2.0407,2.044,2.0367,2.0379,1672,167285,341205.4301,1
1765031400000,2.0391,2.0435,2.0383,2.0405,1761,176140,359450.5133,1
1765030500000,2.0311,2.0471,2.0311,2.0394,4412,441238,900292.0972,1
1765029600000,2.0293,2.0338,2.028,2.0311,963,96324,195614.2959,1
1765028700000,2.0348,2.0348,2.0293,2.0293,851,85137,173024.9184,1
1765027800000,2.0337,2.0384,2.0329,2.0348,908,90870,184948.9756,1
1765026900000,2.0325,2.0352,2.0313,2.0337,670,67062,136378.1233,1
1765026000000,2.0291,2.034,2.0289,2.0328,584,58498,118880.3413,1
1765025100000,2.0304,2.0322,2.0282,2.0291,716,71628,145378.2876,1
1765024200000,2.0293,2.0312,2.0285,2.0307,591,59104,119975.748,1
1765023300000,2.0271,2.0302,2.0264,2.0289,643,64389,130605.4682,1
1765022400000,2.0314,2.0335,2.0248,2.0271,2026,202637,411342.4097,1
1765021500000,2.0308,2.0322,2.0293,2.0311,367,36735,74600.9076,1
1765020600000,2.0263,2.0322,2.0256,2.0308,626,62668,127144.9472,1
1765019700000,2.0267,2.0285,2.0257,2.0258,765,76587,155250.3995,1
1765018800000,2.0229,2.0285,2.0218,2.0267,752,75244,152363.3916,1
1765017900000,2.0251,2.0263,2.0224,2.0233,680,68095,137832.3587,1
1765017000000,2.0235,2.0258,2.0215,2.025,909,90970,184066.8744,1
1765016100000,2.0232,2.0289,2.0225,2.0235,775,77589,157120.7334,1
1765015200000,2.0244,2.0259,2.0204,2.0232,642,64206,129838.1386,1
1765014300000,2.0256,2.0274,2.0244,2.0244,829,82996,168161.8196,1
1765013400000,2.0246,2.0277,2.0206,2.0253,1019,101952,206429.5372,1
1765012500000,2.0234,2.025,2.0222,2.0241,1170,117065,236862.3855,1
1765011600000,2.0166,2.0261,2.0161,2.0228,1604,160428,324143.0888,1
1765010700000,2.0203,2.0214,2.0145,2.0166,2376,237676,479633.2822,1
1765009800000,2.0208,2.0219,2.0161,2.0203,3341,334109,674414.9047,1
1765008900000,2.0261,2.0301,2.0185,2.0206,3021,302183,610939.8018,1
1765008000000,2.0286,2.0288,2.0256,2.0261,528,52882,107222.7235,1
1765007100000,2.031,2.0335,2.0283,2.0289,1231,123187,250075.2598,1
1765006200000,2.0292,2.0325,2.0265,2.0303,1032,103246,209458.7938,1
1765005300000,2.0352,2.0367,2.0294,2.0295,767,76777,156069.1409,1
1765004400000,2.0348,2.0382,2.0338,2.0352,1040,104081,211977.4991,1
1765003500000,2.0359,2.038,2.0334,2.0347,714,71494,145538.2513,1
1765002600000,2.0494,2.0494,2.0354,2.0359,1480,148099,302162.5956,1
1765001700000,2.043,2.0495,2.0426,2.0494,2668,266848,545860.8278,1
1765000800000,2.0421,2.0444,2.04,2.0427,764,76403,156032.3296,1
1764999900000,2.0396,2.044,2.0391,2.0429,1129,112930,230623.4429,1
1764999000000,2.0385,2.0409,2.0352,2.0396,536,53609,109264.8548,1
1764998100000,2.0404,2.0404,2.035,2.0386,890,89033,181446.5169,1
1764997200000,2.0399,2.041,2.0383,2.0404,1117,111706,227833.1147,1
1764996300000,2.0365,2.0404,2.0351,2.0399,801,80196,163462.8748,1
1764995400000,2.0362,2.0395,2.0349,2.0365,415,41564,84660.0426,1
1764994500000,2.0346,2.0366,2.0338,2.0362,771,77175,157045.2135,1
1764993600000,2.0378,2.0405,2.0341,2.0346,4022,402292,819918.4948,1
1764992700000,2.0363,2.0385,2.0357,2.0375,821,82189,167432.6249,1
1764991800000,2.034,2.0396,2.0337,2.0363,1976,197673,402724.7858,1
1764990900000,2.039,2.0399,2.0337,2.0342,3249,324913,661523.9635,1
1764990000000,2.0319,2.0415,2.0313,2.039,2257,225704,460166.1616,1
1764989100000,2.0297,2.0323,2.0284,2.0319,644,64484,130942.0042,1
1764988200000,2.028,2.032,2.0262,2.0297,887,88752,180106.8599,1
1764987300000,2.0276,2.0289,2.0253,2.028,865,86511,175360.5494,1
1764986400000,2.0299,2.0299,2.0239,2.0276,1111,111134,225273.8425,1
1764985500000,2.0274,2.0313,2.0254,2.0299,1015,101584,206157.012,1
1764984600000,2.0344,2.0345,2.0259,2.0271,1189,118943,241352.8828,1
1764983700000,2.0349,2.0382,2.0316,2.035,1696,169612,345304.048,1
1764982800000,2.0313,2.0349,2.0302,2.0349,853,85399,173607.8527,1
1764981900000,2.032,2.0339,2.0277,2.0313,1142,114255,232002.1001,1
1764981000000,2.0258,2.0328,2.0237,2.032,3382,338296,686484.0683,1
1764980100000,2.0224,2.0262,2.0163,2.0258,3186,318659,643472.706,1
1764979200000,2.033,2.033,2.0182,2.0224,2234,223481,452317.6735,1
1764978300000,2.0329,2.0368,2.0315,2.0328,2294,229485,467073.646,1
1764977400000,2.0328,2.0365,2.0309,2.0332,2570,257013,523124.357,1
1764976500000,2.0281,2.033,2.028,2.033,935,93511,189842.8381,1
1764975600000,2.0309,2.0313,2.0218,2.0281,1922,192233,389369.8361,1
1764974700000,2.0345,2.0352,2.0301,2.0304,898,89851,182706.9823,1
1764973800000,2.0306,2.0359,2.027,2.0345,1253,125362,254783.6995,1
1764972900000,2.0196,2.0306,2.0196,2.0306,1227,122745,248670.2848,1
1764972000000,2.0268,2.0268,2.0182,2.0194,1380,138091,279259.7221,1
1764971100000,2.0224,2.0267,2.0183,2.0267,3804,380440,769998.3106,1
1764970200000,2.0259,2.0286,2.0222,2.0224,2881,288102,583553.5217,1
1764969300000,2.0302,2.0316,2.0251,2.0255,1812,181261,367871.6665,1
1764968400000,2.0218,2.0313,2.0211,2.0302,1456,145628,295258.6268,1
1764967500000,2.0238,2.0273,2.021,2.0213,3239,323968,655245.0698,1
1764966600000,2.0303,2.0303,2.0231,2.0239,2156,215690,436849.5486,1
1764965700000,2.031,2.0361,2.0277,2.0303,1784,178429,362451.2949,1
1764964800000,2.0351,2.0359,2.0243,2.0307,4837,483710,981529.0787,1
1764963900000,2.0357,2.0415,2.0338,2.0361,3278,327898,668151.1594,1
1764963000000,2.0307,2.0396,2.0293,2.036,2296,229657,467359.5066,1
1764962100000,2.0249,2.033,2.021,2.0301,4864,486438,986499.5656,1
1764961200000,2.0175,2.025,2.0107,2.0243,3967,396756,800278.7058,1
1764960300000,2.0187,2.0234,2.0142,2.0172,8465,846590,1708061.8202,1
1764959400000,2.0284,2.0318,2.0158,2.0184,3559,355943,719909.5513,1
1764958500000,2.0395,2.0411,2.0245,2.0286,3480,348073,707403.9214,1
1764957600000,2.0337,2.0471,2.0293,2.0394,4373,437381,891508.3831,1
1764956700000,2.033,2.0427,2.0305,2.0343,5458,545865,1111921.3754,1
1764955800000,2.0229,2.034,2.016,2.0331,5548,554836,1123525.0718,1
1764954900000,2.0278,2.0384,2.0227,2.0231,3777,377740,766900.2871,1
1764954000000,2.0319,2.044,2.0279,2.0285,6444,644452,1312309.931,1
1764953100000,2.0263,2.04,2.0209,2.0324,10078,1007891,2046341.0167,1
1764952200000,2.0494,2.0528,2.0176,2.0255,18116,1811601,3690094.6712,1
1764951300000,2.0576,2.0625,2.0487,2.0498,6330,633059,1300490.0475,1
1764950400000,2.0751,2.0769,2.0485,2.0582,12191,1219142,2511427.8509,1
1764949500000,2.0845,2.0845,2.0713,2.0751,8950,895055,1858518.0572,1
1764948600000,2.0872,2.0945,2.0815,2.0848,3694,369403,771633.9632,1
1764947700000,2.0852,2.0894,2.0796,2.086,4273,427396,891091.4518,1
1764946800000,2.0653,2.0988,2.0653,2.0848,11163,1116308,2330324.4852,1
1764945900000,2.0616,2.0683,2.0572,2.0651,7857,785714,1623033.6202,1
1764945000000,2.0626,2.0725,2.0585,2.0609,9789,978919,2022027.2753,1
1764944100000,2.0576,2.0633,2.0555,2.0625,1750,175048,360546.2464,1
1764943200000,2.0642,2.0683,2.0559,2.0576,2188,218813,451008.5183,1
1764942300000,2.0621,2.0698,2.0562,2.0643,8369,836998,1726085.0854,1
1764941400000,2.0694,2.072,2.0604,2.0619,3011,301172,622078.1417,1
1764940500000,2.0668,2.0717,2.064,2.069,1868,186862,386453.0024,1
1764939600000,2.0669,2.076,2.0617,2.0668,2608,260868,540137.8707,1
1764938700000,2.0668,2.0683,2.064,2.0669,1017,101726,210168.8421,1
1764937800000,2.0689,2.073,2.0659,2.067,718,71870,148772.9428,1
1764936900000,2.0656,2.0717,2.0653,2.0688,2221,222165,459673.1137,1
1764936000000,2.0676,2.0709,2.0654,2.0656,1455,145527,300848.2003,1
1764935100000,2.0594,2.07,2.0594,2.0677,2625,262530,542378.8259,1
1764934200000,2.0593,2.0604,2.0524,2.0587,1772,177224,364451.3825,1
1764933300000,2.0629,2.0637,2.0577,2.0596,822,82291,169584.498,1
1764932400000,2.0604,2.064,2.059,2.0624,1438,143887,296628.9224,1
1764931500000,2.0639,2.0639,2.0573,2.0604,1283,128385,264596.4785,1
1764930600000,2.0643,2.0664,2.0626,2.0655,996,99662,205718.0992,1
1764929700000,2.0613,2.0687,2.0587,2.0649,1744,174411,359806.113,1
1764928800000,2.0566,2.0644,2.0533,2.0617,1804,180401,371648.8659,1
1764927900000,2.0567,2.0585,2.0542,2.0567,2304,230407,473839.3268,1
1764927000000,2.0592,2.0639,2.0528,2.056,3397,339710,699554.6269,1
1764926100000,2.0741,2.0741,2.0582,2.06,5839,583937,1204899.5243,1
1764925200000,2.077,2.0772,2.0713,2.0738,1751,175184,363186.7235,1
1764924300000,2.0785,2.0805,2.0749,2.0779,1619,161902,336534.3525,1
1764923400000,2.0836,2.0843,2.0742,2.0787,1583,158308,329062.1948,1
1764922500000,2.0876,2.0876,2.0815,2.0836,1392,139258,290262.8596,1
1764921600000,2.0919,2.0925,2.0848,2.0876,1137,113748,237423.1001,1
1764920700000,2.0901,2.0938,2.0869,2.0919,772,77218,161447.7596,1
1764919800000,2.0936,2.0944,2.0888,2.0909,863,86318,180609.9147,1
1764918900000,2.0949,2.0956,2.091,2.0936,1058,105854,221639.3256,1
1764918000000,2.0882,2.0979,2.0863,2.0942,1400,140053,293032.5439,1
1764917100000,2.0856,2.0891,2.0847,2.0883,710,71017,148200.3085,1
1764916200000,2.0842,2.0876,2.0803,2.0855,1400,140002,291702.0303,1
1764915300000,2.0859,2.0884,2.083,2.0841,842,84213,175675.2183,1
1764914400000,2.0813,2.0885,2.0813,2.0864,1501,150139,313082.3179,1
1764913500000,2.0817,2.0818,2.0783,2.0811,1307,130742,271943.2386,1
1764912600000,2.0779,2.0822,2.0752,2.0817,1935,193556,402471.1591,1
1764911700000,2.084,2.0864,2.0754,2.0781,1330,133051,276773.8746,1
1764910800000,2.0843,2.0875,2.0815,2.0847,1828,182841,381055.4433,1
1764909900000,2.081,2.0869,2.0774,2.0843,1637,163790,340949.7003,1
1764909000000,2.0875,2.0875,2.0789,2.0803,3002,300258,625315.8564,1
1764908100000,2.0959,2.0961,2.0874,2.0879,3209,320937,671596.4296,1
1764907200000,2.0892,2.0979,2.0892,2.0961,2553,255357,534703.8189,1
1764906300000,2.0894,2.094,2.086,2.0893,1840,184028,384659.4543,1
1764905400000,2.0956,2.0956,2.0886,2.0894,1891,189187,395554.8898,1
1764904500000,2.1013,2.1019,2.0939,2.0948,1415,141517,296786.0485,1
1764903600000,2.1029,2.1055,2.0991,2.1012,1122,112261,236011.6005,1
1764902700000,2.1091,2.1091,2.1017,2.103,721,72198,152006.013,1
1764901800000,2.1082,2.1109,2.106,2.1095,1004,100409,211719.3984,1
1764900900000,2.1054,2.1087,2.1039,2.1081,1400,140027,295019.9901,1
1764900000000,2.1041,2.1051,2.1003,2.1051,1382,138200,290535.7015,1
1764899100000,2.1072,2.1094,2.1032,2.1041,1485,148507,312885.7182,1
1764898200000,2.1075,2.1098,2.1045,2.1071,1060,106072,223503.2249,1
1764897300000,2.1029,2.1112,2.1029,2.1077,1572,157219,331290.1242,1
1764896400000,2.1032,2.1105,2.1016,2.1026,1643,164316,346081.0929,1
1764895500000,2.1113,2.112,2.1011,2.1035,1492,149291,314549.5095,1
1764894600000,2.1029,2.1118,2.1014,2.1108,5189,518973,1095030.203,1
1764893700000,2.0956,2.108,2.0955,2.1031,2145,214502,451177.7052,1
1764892800000,2.0951,2.1004,2.0937,2.0956,1934,193467,405998.1312,1
1764891900000,2.0943,2.0973,2.0918,2.0951,687,68733,143980.2494,1
1764891000000,2.096,2.0987,2.0911,2.0946,971,97186,203652.2179,1
1764890100000,2.0939,2.0971,2.0921,2.0967,1050,105097,220128.9718,1
1764889200000,2.0962,2.0986,2.0921,2.0942,1830,183060,383627.374,1
1764888300000,2.0986,2.1005,2.0961,2.0961,1143,114392,240090.8142,1
1764887400000,2.0971,2.1041,2.0961,2.0986,1276,127665,267995.5326,1
1764886500000,2.0966,2.0981,2.0923,2.0964,1264,126457,265032.9267,1
1764885600000,2.0908,2.0977,2.0908,2.0959,1464,146462,306790.9101,1
1764884700000,2.0983,2.0983,2.0876,2.09,1630,163028,341082.5926,1
1764883800000,2.0965,2.1024,2.0947,2.0983,2761,276124,579376.8363,1
1764882900000,2.1015,2.1052,2.0955,2.0969,1880,188086,394913.6728,1
1764882000000,2.1035,2.1098,2.0987,2.1015,3057,305788,643358.5972,1
1764881100000,2.0975,2.1075,2.0968,2.1035,4954,495474,1041675.9555,1
1764880200000,2.0892,2.0988,2.0878,2.098,1869,186980,391583.1103,1
1764879300000,2.0928,2.0962,2.0877,2.0892,2500,250092,523168.7884,1
1764878400000,2.0957,2.1024,2.0854,2.0933,3725,372572,780327.6116,1
1764877500000,2.0987,2.1028,2.092,2.0961,4080,408038,855959.6096,1
1764876600000,2.0823,2.0988,2.0811,2.0981,5784,578469,1210048.7106,1
1764875700000,2.0819,2.0873,2.068,2.0823,10620,1062048,2207298.0971,1
1764874800000,2.1033,2.1045,2.0801,2.0811,9431,943136,1976781.0118,1
1764873900000,2.0997,2.1071,2.099,2.1029,3368,336837,708306.1716,1
1764873000000,2.12,2.123,2.0977,2.0995,7576,757676,1596353.8622,1
1764872100000,2.1239,2.1239,2.1139,2.1203,3478,347852,736868.0156,1
1764871200000,2.1276,2.1276,2.1184,2.1243,3489,348972,740739.765,1
1764870300000,2.1211,2.1299,2.1177,2.1271,3225,322598,684978.6986,1
1764869400000,2.1241,2.1284,2.1155,2.1209,4742,474271,1005973.8661,1
1764868500000,2.1313,2.1315,2.1231,2.1245,3660,366008,778640.3721,1
1764867600000,2.1364,2.1377,2.1277,2.1309,2947,294712,628168.5719,1
1764866700000,2.1385,2.1441,2.1314,2.1367,4392,439257,938524.6791,1
1764865800000,2.1454,2.1469,2.1363,2.1388,4043,404332,865568.383,1
1764864900000,2.1426,2.1567,2.1425,2.1455,5912,591218,1271882.2198,1
1764864000000,2.152,2.1563,2.1365,2.143,6925,692574,1483490.3657,1
1764863100000,2.1468,2.1523,2.1383,2.1522,15392,1539226,3299025.5326,1
1764862200000,2.1301,2.1566,2.1291,2.1473,11076,1107659,2374156.4119,1
1764861300000,2.133,2.1362,2.1238,2.13,4036,403603,860093.5151,1
1764860400000,2.1189,2.1352,2.1189,2.1329,5373,537308,1143241.7856,1
1764859500000,2.132,2.1348,2.1134,2.119,8988,898844,1906854.6449,1
1764858600000,2.1353,2.1371,2.1255,2.1332,5113,511313,1090544.0759,1
1764857700000,2.1324,2.1376,2.1303,2.1369,3027,302794,646231.0387,1
1764856800000,2.1247,2.1347,2.1242,2.1334,3536,353638,753337.7193,1
1764855900000,2.1373,2.1387,2.1241,2.1247,14207,1420792,3025554.7614,1
1764855000000,2.1451,2.1468,2.1361,2.1376,2944,294446,630154.2176,1
1764854100000,2.1394,2.1499,2.1394,2.1455,2505,250591,537449.657,1
1764853200000,2.1457,2.1481,2.138,2.1388,2896,289619,620226.6299,1
1764852300000,2.1463,2.1486,2.1424,2.1454,1977,197778,424244.0955,1
1764851400000,2.1381,2.149,2.1379,2.1467,1982,198201,424832.0192,1
1764850500000,2.1479,2.1482,2.1367,2.138,5940,594005,1271708.3421,1
1764849600000,2.1505,2.1541,2.1462,2.1472,3282,328219,706079.574,1
1764848700000,2.1451,2.1516,2.1422,2.15,3228,322859,693334.273,1
1764847800000,2.1486,2.1515,2.1409,2.1453,4835,483578,1036628.8697,1
1764846900000,2.1528,2.1542,2.1477,2.1483,2186,218607,470169.2916,1
1764846000000,2.1571,2.1577,2.1521,2.1529,7867,786747,1696292.4684,1
1764845100000,2.1592,2.1606,2.1544,2.1572,9938,993878,2142957.458,1
1764844200000,2.1624,2.1652,2.1574,2.1596,3627,362711,783397.8392,1
1764843300000,2.1678,2.1678,2.1618,2.1624,1290,129057,279405.575,1
1764842400000,2.1694,2.1719,2.1669,2.1677,1286,128645,279091.0683,1
1764841500000,2.1721,2.1742,2.1689,2.1689,1215,121552,263962.5432,1
1764840600000,2.1664,2.1731,2.1648,2.1721,1918,191895,416224.4774,1
1764839700000,2.1685,2.1686,2.1632,2.1662,1832,183224,396893.5669,1
1764838800000,2.1629,2.1738,2.1629,2.1685,1764,176415,382618.2426,1
1764837900000,2.1713,2.1717,2.1597,2.1628,1308,130832,283057.8444,1
1764837000000,2.1637,2.1718,2.1623,2.1713,1554,155489,336991.8347,1
1764836100000,2.167,2.1706,2.1638,2.1642,1318,131895,285830.1972,1
1764835200000,2.1718,2.1782,2.1651,2.1671,1768,176864,384117.9333,1
1764834300000,2.173,2.1737,2.1692,2.1717,1395,139549,303077.3011,1
1764833400000,2.1696,2.1735,2.1682,2.1727,1378,137888,299446.5531,1
1764832500000,2.169,2.1722,2.1643,2.1696,1853,185365,401776.9494,1
1764831600000,2.1799,2.1799,2.1667,2.1693,2830,283067,614467.7548,1
1764830700000,2.1816,2.1823,2.177,2.18,1730,173067,377129.145,1
1764829800000,2.1794,2.1844,2.1788,2.182,1895,189565,413704.097,1
1764828900000,2.1781,2.1807,2.1745,2.1793,1200,120060,261363.6082,1
1764828000000,2.1765,2.1781,2.1741,2.1781,1328,132852,289151.8508,1
1764827100000,2.1761,2.1773,2.1704,2.1761,1473,147350,320387.362,1
1764826200000,2.183,2.185,2.175,2.1759,1242,124239,270780.2791,1
1764825300000,2.1828,2.1843,2.1771,2.1832,3022,302256,658614.4724,1
1764824400000,2.1871,2.1874,2.1803,2.1828,1503,150337,328233.1831,1
1764823500000,2.1888,2.1891,2.1834,2.1865,1053,105329,230238.1818,1
1764822600000,2.1949,2.1965,2.1863,2.1888,1658,165819,363413.0085,1
1764821700000,2.1953,2.1963,2.1915,2.1944,1257,125715,275792.1992,1
1764820800000,2.1939,2.1994,2.1903,2.1952,1015,101564,222921.2886,1
1764819900000,2.1943,2.1964,2.1921,2.1938,1156,115662,253715.9225,1
1764819000000,2.1946,2.1972,2.192,2.1943,1484,148485,325784.7926,1
1764818100000,2.1995,2.2,2.1939,2.1946,1307,130740,287137.3394,1
1764817200000,2.2007,2.2055,2.1981,2.1998,1893,189315,416741.3192,1
1764816300000,2.2034,2.2063,2.1996,2.2009,1517,151713,334191.0131,1
1764815400000,2.2045,2.2074,2.2005,2.2037,3823,382372,842393.7708,1
1764814500000,2.2026,2.2077,2.2004,2.204,2913,291363,642148.2891,1
1764813600000,2.1914,2.2032,2.19,2.2026,2388,238893,524556.0996,1
1764812700000,2.2039,2.2051,2.1914,2.1914,2042,204213,448356.4677,1
1764811800000,2.2001,2.2037,2.1973,2.2036,1778,177857,391507.8106,1
1764810900000,2.2116,2.2145,2.1956,2.2001,10875,1087599,2396366.8672,1
1764810000000,2.1934,2.2125,2.192,2.2112,2244,224449,494474.6491,1
1764809100000,2.1974,2.2016,2.193,2.1937,5507,550793,1210519.6021,1
1764808200000,2.1907,2.1979,2.1861,2.1972,1888,188892,413705.242,1
1764807300000,2.1935,2.1981,2.1878,2.1917,4872,487270,1068269.5507,1
1764806400000,2.196,2.2052,2.193,2.1936,3094,309430,680557.8063,1
1764805500000,2.1997,2.2045,2.1945,2.1959,1910,191085,420310.979,1
1764804600000,2.1992,2.2015,2.1954,2.1996,2092,209253,460082.6462,1
1764803700000,2.204,2.2058,2.1986,2.199,1759,175901,387426.9987,1
1764802800000,2.2023,2.2131,2.2016,2.204,4288,428876,946391.1689,1
1764801900000,2.2009,2.2137,2.1996,2.2027,2733,273358,602585.5194,1
1764801000000,2.1989,2.2041,2.1934,2.2008,1752,175282,385263.2309,1
1764800100000,2.2055,2.2056,2.1957,2.1989,2298,229803,505545.7375,1
1764799200000,2.2075,2.2122,2.197,2.2057,4862,486266,1072714.2212,1
1764798300000,2.2013,2.21,2.1964,2.2074,2026,202654,446368.5481,1
1764797400000,2.2026,2.2034,2.197,2.201,1234,123429,271622.7689,1
1764796500000,2.1985,2.2028,2.1965,2.2026,1846,184608,406044.1323,1
1764795600000,2.1977,2.2039,2.1938,2.1985,4297,429792,945603.3927,1
1764794700000,2.1883,2.202,2.1879,2.1974,4676,467641,1025840.7891,1
1764793800000,2.1864,2.1899,2.1836,2.1891,1150,115041,251600.0897,1
1764792900000,2.186,2.1883,2.182,2.1867,2252,225273,492061.1557,1
1764792000000,2.1855,2.1889,2.1803,2.185,2406,240615,525485.5629,1
1764791100000,2.1813,2.1858,2.1805,2.1854,1342,134259,293144.6508,1
1764790200000,2.1819,2.185,2.1783,2.181,3803,380354,829243.3238,1
1764789300000,2.1749,2.1845,2.1732,2.1819,4202,420243,915899.7843,1
1764788400000,2.1727,2.1796,2.1718,2.1754,5134,513460,1117571.2381,1
1764787500000,2.1836,2.1837,2.1683,2.1727,7274,727457,1581677.5483,1
1764786600000,2.1811,2.1857,2.1775,2.1843,5459,545957,1191395.2399,1
1764785700000,2.1883,2.1896,2.1767,2.181,6857,685785,1495813.3642,1
1764784800000,2.1832,2.1925,2.1832,2.1895,6391,639120,1398487.5044,1
1764783900000,2.1768,2.1863,2.1763,2.1832,4093,409351,893035.2968,1
1764783000000,2.1725,2.1827,2.1718,2.1778,4447,444755,968277.4841,1
1764782100000,2.1767,2.1783,2.1661,2.1725,2184,218440,474657.6601,1
1764781200000,2.1674,2.1768,2.1674,2.1768,5694,569486,1236750.524,1
1764780300000,2.1787,2.1787,2.1662,2.168,4714,471409,1023813.1033,1
1764779400000,2.165,2.1807,2.1646,2.1781,13465,1346502,2928846.3606,1
1764778500000,2.1632,2.1699,2.1624,2.1651,3815,381588,826029.3503,1
1764777600000,2.1687,2.174,2.1583,2.163,5360,536067,1159973.4267,1
1764776700000,2.1694,2.1779,2.1652,2.1684,3824,382424,829520.8802,1
1764775800000,2.1663,2.1771,2.1647,2.1689,3196,319676,694187.1807,1
1764774900000,2.1647,2.1699,2.1557,2.1669,4528,452895,980188.1581,1
1764774000000,2.1675,2.1827,2.1597,2.1641,15926,1592615,3466517.7272,1
1764773100000,2.1917,2.1928,2.1658,2.1661,17291,1729192,3769762.612,1
1764772200000,2.1649,2.1981,2.1515,2.1917,13805,1380530,3001793.4322,1
1764771300000,2.1552,2.1656,2.1541,2.1647,5364,536488,1159549.7832,1
1764770400000,2.1758,2.1765,2.1414,2.1549,32968,3296842,7106292.6819,1
1764769500000,2.176,2.1789,2.174,2.1755,1973,197376,429588.0689,1
1764768600000,2.1751,2.1793,2.1712,2.176,1577,157780,343161.9898,1
1764767700000,2.1765,2.1824,2.1752,2.1752,1977,197723,430792.0989,1
1764766800000,2.1762,2.1791,2.1737,2.1764,1506,150624,327798.5351,1
1764765900000,2.1719,2.1798,2.1705,2.1763,1317,131758,286729.7858,1
1764765000000,2.1734,2.1766,2.1703,2.172,1648,164882,358351.8272,1
1764764100000,2.174,2.1774,2.1714,2.1733,1245,124549,270852.4687,1
1764763200000,2.1754,2.1785,2.1709,2.1739,1827,182795,397625.814,1
1764762300000,2.1694,2.1776,2.1694,2.1754,1078,107866,234489.7789,1
1764761400000,2.1723,2.1738,2.1686,2.1706,3623,362315,786515.7258,1
1764760500000,2.1676,2.1748,2.1663,2.1731,1935,193517,420415.9215,1
1764759600000,2.1732,2.1748,2.1657,2.1665,2248,224879,487769.7014,1
1764758700000,2.1745,2.1771,2.1711,2.1732,2327,232739,506004.4582,1
1764757800000,2.1874,2.1874,2.1744,2.1744,1459,145906,317947.9364,1
1764756900000,2.1798,2.1895,2.1798,2.1874,1116,111637,243996.3023,1
1764756000000,2.1826,2.1829,2.1782,2.1798,761,76108,165917.8542,1
1764755100000,2.1795,2.1848,2.1786,2.1828,2283,228344,498392.0786,1
1764754200000,2.1831,2.1831,2.1774,2.1801,3735,373529,814551.0458,1
1764753300000,2.1877,2.1877,2.1821,2.183,4479,447975,979114.8308,1
1764752400000,2.187,2.189,2.1795,2.1882,7511,751134,1640981.4632,1
1764751500000,2.1915,2.1945,2.185,2.187,3176,317688,696013.3348,1
1764750600000,2.1873,2.1917,2.1854,2.1913,4073,407313,891308.8317,1
1764749700000,2.1918,2.1923,2.1851,2.1877,4442,444287,971409.9921,1
1764748800000,2.1906,2.1944,2.1899,2.1925,2015,201551,441818.8318,1
1764747900000,2.1958,2.1958,2.1881,2.1904,1259,125916,275832.7458,1
1764747000000,2.1922,2.1989,2.1921,2.1958,3821,382126,839329.267,1
1764746100000,2.2028,2.2028,2.1916,2.1916,1417,141711,311313.8312,1
1764745200000,2.193,2.2047,2.1929,2.203,2158,215834,474791.7893,1
1764744300000,2.1989,2.2009,2.1884,2.193,9292,929241,2037596.2184,1
1764743400000,2.2062,2.2119,2.1989,2.1991,4711,471196,1039985.7859,1
1764742500000,2.2061,2.214,2.2041,2.2057,2258,225894,499097.1001,1
1764741600000,2.2021,2.214,2.2021,2.2072,2174,217470,480537.3611,1
1764740700000,2.2051,2.209,2.2015,2.2018,2698,269892,595402.328,1
1764739800000,2.2064,2.2097,2.2033,2.2051,3092,309273,682829.0072,1
1764738900000,2.2085,2.2098,2.2009,2.2061,18713,1871369,4127703.5373,1
1764738000000,2.1987,2.2186,2.1963,2.2086,25749,2574988,5685401.4942,1
1764737100000,2.1871,2.199,2.1859,2.1983,15754,1575440,3452217.4578,1
1764736200000,2.1792,2.1879,2.1788,2.1877,4307,430780,939715.1394,1
1764735300000,2.1774,2.189,2.1746,2.1796,7734,773457,1689271.0789,1
1764734400000,2.1749,2.1789,2.172,2.1773,6370,637075,1385389.3919,1
1764733500000,2.1751,2.1779,2.1734,2.175,5334,533444,1160612.2947,1
1764732600000,2.1802,2.1806,2.1725,2.1748,2303,230375,501600.8956,1
1764731700000,2.1821,2.1842,2.1776,2.1803,8541,854178,1863090.7652,1
1764730800000,2.1827,2.1908,2.1788,2.1821,8332,833270,1821897.7317,1
1764729900000,2.1832,2.1843,2.1764,2.1828,11935,1193522,2602070.1245,1
1764729000000,2.1843,2.1868,2.1799,2.1827,11437,1143715,2497515.7449,1
1764728100000,2.1747,2.1901,2.1686,2.1843,25727,2572743,5612383.6792,1
1764727200000,2.1604,2.1765,2.1587,2.1747,12495,1249589,2710781.884,1
1764726300000,2.1512,2.1663,2.1512,2.1604,3908,390861,844996.7749,1
1764725400000,2.1539,2.1556,2.15,2.1512,2068,206865,445266.8238,1
1764724500000,2.1534,2.1584,2.1516,2.1548,2477,247735,533684.3952,1
1764723600000,2.1524,2.1575,2.1469,2.153,1798,179841,386999.4529,1
1764722700000,2.1534,2.1578,2.1485,2.1522,2159,215965,465167.9934,1
1764721800000,2.1439,2.153,2.1401,2.1522,2885,288514,619140.3586,1
1764720900000,2.1485,2.1514,2.1409,2.1435,3164,316468,678978.3962,1
1764720000000,2.1521,2.1557,2.1463,2.1488,6332,633242,1361821.6881,1
1764719100000,2.1558,2.1596,2.1508,2.1526,1546,154637,333195.5327,1
1764718200000,2.1582,2.1604,2.1522,2.1558,3232,323204,697011.9976,1
1764717300000,2.1632,2.1674,2.1581,2.1587,1837,183748,397388.8737,1
1764716400000,2.1689,2.1722,2.164,2.164,2231,223186,484072.0823,1
1764715500000,2.1658,2.1696,2.1641,2.1689,1673,167329,362616.1643,1
1764714600000,2.1636,2.1708,2.1634,2.1655,1393,139386,301988.308,1
1764713700000,2.1674,2.1693,2.1634,2.1641,1763,176354,381993.4397,1
1764712800000,2.1655,2.1728,2.1621,2.1671,1860,186004,403350.117,1
1764711900000,2.1702,2.1719,2.164,2.1663,1440,144012,312267.0286,1
1764711000000,2.1703,2.1726,2.1633,2.1686,1657,165762,359502.9038,1
1764710100000,2.1735,2.1746,2.1641,2.1699,9598,959848,2082503.7129,1
1764709200000,2.1648,2.176,2.1622,2.1733,10752,1075298,2335097.2786,1
1764708300000,2.1558,2.1668,2.1522,2.1623,3599,359924,777051.2887,1
1764707400000,2.1542,2.1596,2.1464,2.1553,8888,888864,1912269.2558,1
1764706500000,2.172,2.172,2.1525,2.1548,6169,616912,1332673.581,1
1764705600000,2.1737,2.1772,2.1677,2.172,4960,496050,1076881.627,1
1764704700000,2.1795,2.1795,2.1706,2.1736,5811,581115,1264678.6373,1
1764703800000,2.1699,2.1826,2.1689,2.1792,10452,1045296,2276306.4177,1
1764702900000,2.1748,2.1753,2.1679,2.1702,3157,315793,685927.6716,1
1764702000000,2.1737,2.1805,2.1725,2.1745,9404,940458,2046368.0462,1
1764701100000,2.167,2.175,2.166,2.1737,6022,602244,1306493.2212,1
1764700200000,2.1728,2.1789,2.1676,2.1676,6159,615976,1338673.5715,1
1764699300000,2.1723,2.1796,2.1705,2.1733,13616,1361602,2962409.0776,1
1764698400000,2.168,2.1762,2.163,2.1724,9992,999209,2166508.5984,1
1764697500000,2.1696,2.1759,2.1659,2.1684,10803,1080330,2346140.8238,1
1764696600000,2.1684,2.1764,2.166,2.1679,13168,1316899,2859481.6006,1
1764695700000,2.1487,2.1706,2.1485,2.1685,13751,1375176,2971507.8173,1
1764694800000,2.1455,2.1521,2.1432,2.1484,3538,353811,760047.7701,1
1764693900000,2.1434,2.1541,2.139,2.1455,7105,710566,1525960.1461,1
1764693000000,2.1363,2.1549,2.1355,2.1446,6863,686346,1472878.7339,1
1764692100000,2.1496,2.1496,2.1332,2.1365,12366,1236616,2645937.024,1
1764691200000,2.1542,2.1607,2.1445,2.1496,10162,1016265,2187101.9082,1
1764690300000,2.1518,2.164,2.1487,2.154,11039,1103903,2379856.5661,1
1764689400000,2.1216,2.1614,2.1204,2.1518,16151,1615125,3457146.5601,1
1764688500000,2.1302,2.1478,2.1209,2.1211,18448,1844836,3938699.0051,1
1764687600000,2.0906,2.1378,2.0897,2.1305,16957,1695729,3576040.9504,1
1764686700000,2.0772,2.0921,2.075,2.0919,8322,832213,1733570.2599,1
1764685800000,2.0585,2.0773,2.054,2.0763,7148,714859,1476230.934,1
1764684900000,2.0515,2.0651,2.0495,2.0577,4836,483687,994750.2223,1
1764684000000,2.0433,2.0551,2.0391,2.0513,4117,411784,843514.7043,1
1764683100000,2.039,2.0462,2.0371,2.0434,2193,219396,447829.411,1
1764682200000,2.0405,2.0436,2.0382,2.0395,1772,177239,361687.3117,1
1764681300000,2.0413,2.047,2.0393,2.0407,3194,319499,652902.7122,1
1764680400000,2.039,2.0449,2.0326,2.0405,1590,159007,324044.2751,1
1764679500000,2.0297,2.0395,2.0264,2.0395,1544,154449,314036.8126,1
1764678600000,2.0323,2.0343,2.0251,2.03,1728,172822,350689.0588,1
1764677700000,2.0358,2.0381,2.0289,2.0323,1672,167201,339877.4502,1
1764676800000,2.035,2.0411,2.034,2.0354,1218,121866,248364.2572,1
1764675900000,2.0334,2.0407,2.0327,2.0352,1293,129358,263449.471,1
1764675000000,2.0361,2.0378,2.0326,2.0334,2171,217147,441752.9413,1
1764674100000,2.0266,2.0362,2.0257,2.0362,1856,185677,376886.8104,1
1764673200000,2.0267,2.0294,2.0239,2.0266,1448,144830,293519.5,1
1764672300000,2.0186,2.0383,2.0186,2.0267,3233,323301,655802.589,1
1764671400000,2.0128,2.0188,2.0114,2.0182,712,71288,143549.8855,1
1764670500000,2.0144,2.0163,2.0115,2.0118,816,81612,164327.857,1
1764669600000,2.011,2.0173,2.011,2.0145,1071,107120,215813.4184,1
1764668700000,2.0091,2.0136,2.0079,2.0116,1500,150075,301763.6266,1
1764667800000,2.0161,2.0162,2.0091,2.0091,1180,118080,237605.995,1
1764666900000,2.01,2.0189,2.0082,2.016,1293,129306,260260.6146,1
1764666000000,2.0011,2.0163,2.0011,2.0107,1997,199710,401574.4728,1
1764665100000,2.0029,2.0104,1.9994,2.0015,1180,118031,236481.7874,1
1764664200000,1.998,2.0057,1.9941,2.0017,1420,142076,284038.8299,1
1764663300000,2.0057,2.0067,1.9935,1.998,2675,267503,534464.6322,1
1764662400000,2.0159,2.0163,2.0036,2.0062,1831,183101,367980.7144,1
1764661500000,2.0132,2.0172,2.0115,2.016,1013,101313,204007.2327,1
1764660600000,2.0134,2.0138,2.0091,2.0128,960,96018,193146.7944,1
1764659700000,2.0164,2.018,2.0127,2.0128,1787,178798,360354.4317,1
1764658800000,2.0225,2.023,2.0156,2.0164,1423,142332,287436.3295,1
1764657900000,2.0209,2.0253,2.0195,2.0225,1219,121982,246658.2548,1
1764657000000,2.0143,2.0222,2.0138,2.0209,1114,111477,224962.8134,1
1764656100000,2.013,2.0165,2.0103,2.014,1123,112340,226171.8124,1
1764655200000,2.0152,2.0154,2.0081,2.0132,1220,122051,245534.6031,1
1764654300000,2.0119,2.0179,2.011,2.0152,1481,148126,298272.3969,1
1764653400000,2.0111,2.0127,2.0084,2.0115,1274,127481,256296.5624,1
1764652500000,2.0146,2.0169,2.011,2.0111,1611,161121,324507.4151,1
1764651600000,2.014,2.0195,2.0092,2.0147,2320,232051,467270.6144,1
1764650700000,2.0191,2.0224,2.0133,2.0141,2254,225499,455111.6848,1
1764649800000,2.0185,2.019,2.0153,2.0189,1143,114382,230700.4691,1
1764648900000,2.0214,2.0254,2.0183,2.0185,1997,199732,403789.8732,1
1764648000000,2.0194,2.0267,2.0194,2.0224,2489,248907,503665.4944,1
1764647100000,2.0243,2.0252,2.0184,2.0194,3393,339345,685834.8776,1
1764646200000,2.0047,2.0243,2.0011,2.0243,3488,348859,701579.4626,1
1764645300000,2.0176,2.0181,2.0022,2.0045,3675,367504,737768.0962,1
1764644400000,2.0207,2.0209,2.0138,2.0179,1321,132199,266623.9773,1
1764643500000,2.0259,2.03,2.0194,2.0201,1453,145383,294218.348,1
1764642600000,2.0237,2.0305,2.0216,2.0259,1940,194096,393344.9322,1
1764641700000,2.0198,2.0293,2.0198,2.0241,3083,308386,624911.0212,1
1764640800000,2.0167,2.0201,2.0082,2.0196,5454,545463,1097923.2295,1
1764639900000,2.0228,2.0231,2.0161,2.0161,2192,219286,442714.0449,1
1764639000000,2.0246,2.0274,2.0188,2.0222,2822,282233,571189.4342,1
1764638100000,2.0265,2.0294,2.0193,2.0245,4210,421034,852352.6807,1
1764637200000,2.0203,2.0435,2.0157,2.0265,5567,556763,1130055.7298,1
1764636300000,2.0145,2.0264,2.0144,2.0213,1964,196440,396953.7039,1
1764635400000,2.0155,2.0243,2.0116,2.0147,3360,336060,678278.7177,1
1764634500000,2.0225,2.0247,2.0131,2.0152,4513,451354,910998.0126,1
1764633600000,2.0281,2.0299,2.0207,2.0207,2051,205108,415531.5976,1
1764632700000,2.0323,2.0323,2.0283,2.0288,2514,251430,510316.1216,1
1764631800000,2.0404,2.0424,2.0309,2.0314,1911,191169,389393.6317,1
1764630900000,2.0312,2.0403,2.0312,2.0401,1439,143929,293198.4684,1
1764630000000,2.0317,2.0422,2.0303,2.031,2039,203986,415215.5267,1
1764629100000,2.0344,2.0416,2.0316,2.0319,4403,440361,897447.0617,1
1764628200000,2.0292,2.0356,2.0234,2.0345,2104,210458,427354.3147,1
1764627300000,2.0203,2.0303,2.0192,2.0296,2250,225045,455870.7692,1
1764626400000,2.0262,2.0327,2.0171,2.02,3942,394245,798025.2579,1
1764625500000,2.0313,2.0321,2.0202,2.026,3816,381608,772864.9771,1
1764624600000,2.0256,2.0435,2.0256,2.0313,3039,303968,618757.9609,1
1764623700000,2.0128,2.0335,2.0101,2.0256,5708,570822,1155358.8077,1
1764622800000,2.0102,2.0224,2.0093,2.0127,5034,503440,1014757.0129,1
1764621900000,2.0162,2.0255,2.0091,2.0106,9213,921367,1858926.5725,1
1764621000000,2.0052,2.016,2.0042,2.016,3318,331801,666526.1562,1
1764620100000,2.0122,2.0128,2.0041,2.0048,2947,294701,591700.5163,1
1764619200000,1.9922,2.0216,1.9922,2.0123,20743,2074301,4170812.7789,1
1764618300000,1.9894,1.9965,1.9883,1.9929,6619,661957,1318530.9669,1
1764617400000,1.9891,1.9992,1.9858,1.9888,6261,626117,1245995.6721,1
1764616500000,2.0011,2.0021,1.9887,1.9892,2511,251126,500785.1201,1
1764615600000,2.0028,2.0037,1.9939,2.0003,4313,431397,862504.1623,1
1764614700000,1.9963,2.0082,1.9927,2.0032,7282,728262,1455348.1613,1
1764613800000,2.0045,2.0045,1.9946,1.9963,5971,597188,1193578.1579,1
1764612900000,2.0066,2.0116,2.0013,2.0042,2333,233338,468168.0959,1
1764612000000,1.9937,2.009,1.9936,2.0068,2507,250737,501423.5201,1
1764611100000,2.0015,2.0033,1.9938,1.9938,2279,227905,455428.3624,1
1764610200000,2.0007,2.0016,1.9869,2.0016,3743,374318,746776.1107,1
1764609300000,1.992,2.0034,1.9878,2.0007,4772,477221,951404.1405,1
1764608400000,1.9903,2.0031,1.99,1.9912,5726,572604,1143363.9623,1
1764607500000,1.9947,1.9992,1.9855,1.9901,5746,574629,1143583.2326,1
1764606600000,1.9936,2.0058,1.9859,1.995,4954,495403,989673.9222,1
1764605700000,1.9921,1.9978,1.986,1.9937,3223,322341,642180.637,1
1764604800000,2.006,2.0091,1.9875,1.9914,7232,723237,1443756.4735,1
1764603900000,1.9871,2.0194,1.982,2.0058,8657,865744,1734801.056,1
1764603000000,2.0051,2.0061,1.9845,1.986,12145,1214548,2422696.2781,1
1764602100000,2.0147,2.0242,2.0045,2.0059,6269,626907,1262538.6596,1
1764601200000,2.0313,2.034,2.0142,2.0146,3035,303583,614757.9458,1
1764600300000,2.03,2.0385,2.0251,2.0305,3643,364333,740073.0832,1
1764599400000,2.0298,2.048,2.0232,2.0306,4852,485296,988378.6014,1
1764598500000,2.0198,2.0295,2.015,2.0295,2048,204868,414385.8425,1
1764597600000,2.0193,2.0242,2.0134,2.0197,3207,320737,647836.1647,1
1764596700000,2.0158,2.0231,2.0081,2.0191,2730,273022,550146.7292,1
1764595800000,2.0193,2.0204,2.0126,2.0156,2423,242361,488551.7791,1
1764594900000,2.0231,2.0259,2.0163,2.0189,2350,235049,474920.0237,1
1764594000000,2.027,2.0364,2.0157,2.0226,4250,425085,860852.6964,1
1764593100000,2.018,2.0334,2.001,2.0269,8575,857511,1730393.616,1
1764592200000,2.0247,2.0287,2.0173,2.0173,3613,361371,730705.2695,1
1764591300000,2.0303,2.0322,2.0234,2.0247,2028,202841,411296.182,1
1764590400000,2.0333,2.0355,2.0253,2.03,3858,385870,783099.9468,1
1764589500000,2.0383,2.0446,2.0308,2.033,1670,167019,340334.1452,1
1764588600000,2.0425,2.0425,2.0374,2.0374,1220,122078,248955.1036,1
1764587700000,2.0378,2.0455,2.0364,2.0424,1181,118186,241085.3217,1
1764586800000,2.0412,2.045,2.0353,2.0378,1363,136361,278134.7391,1
1764585900000,2.0394,2.0434,2.0381,2.0411,760,76052,155223.4766,1
1764585000000,2.0396,2.0433,2.0381,2.0394,868,86863,177230.2593,1
1764584100000,2.0374,2.041,2.036,2.0393,829,82917,169050.5962,1
1764583200000,2.0456,2.0477,2.0372,2.0374,1131,113131,231139.2821,1
1764582300000,2.0522,2.0523,2.044,2.0453,906,90661,185703.2581,1
1764581400000,2.0452,2.0529,2.0436,2.0525,997,99762,204287.2081,1
1764580500000,2.0461,2.0504,2.0416,2.0454,1645,164507,336447.8968,1
1764579600000,2.0552,2.0593,2.046,2.0462,3858,385811,791668.6728,1
1764578700000,2.0537,2.0569,2.0521,2.0552,1522,152260,312770.6084,1
1764577800000,2.0511,2.0548,2.0461,2.0532,1952,195201,400291.8181,1
1764576900000,2.0504,2.0561,2.0475,2.051,1430,143088,293606.2338,1
1764576000000,2.0548,2.0582,2.0498,2.0504,2445,244531,502384.978,1
1764575100000,2.0501,2.0575,2.0501,2.0552,1906,190601,391517.2672,1
1764574200000,2.0411,2.0514,2.0386,2.0501,2062,206279,421977.1166,1
1764573300000,2.0391,2.0424,2.0316,2.0417,2015,201546,410870.0682,1
1764572400000,2.0458,2.0469,2.0356,2.0399,9260,926048,1888331.7478,1
1764571500000,2.0431,2.0487,2.0391,2.0457,7466,746681,1524951.5652,1
1764570600000,2.033,2.0437,2.0304,2.0433,1950,195073,397608.4887,1
1764569700000,2.0339,2.0348,2.0265,2.033,2254,225451,457818.1083,1
1764568800000,2.0282,2.0373,2.0274,2.0349,2597,259777,528371.2397,1
1764567900000,2.0187,2.03,2.0187,2.0266,2046,204691,414779.7731,1
1764567000000,2.0316,2.0319,2.0158,2.0187,3448,344831,696971.7306,1
1764566100000,2.0259,2.0322,2.0189,2.0317,3352,335232,678199.9788,1
1764565200000,2.0288,2.0359,2.025,2.0265,8429,842974,1711280.3601,1
1764564300000,2.0335,2.0381,2.0281,2.0287,8629,862955,1755966.2715,1
1764563400000,2.034,2.0369,2.0271,2.0341,4090,409087,831368.6258,1
1764562500000,2.0361,2.0455,2.033,2.0333,11018,1101861,2244161.6267,1
1764561600000,2.0489,2.0534,2.0361,2.0361,6572,657230,1341758.6828,1
1764560700000,2.0529,2.0553,2.0437,2.0486,1991,199179,407944.7081,1
1764559800000,2.0512,2.053,2.0404,2.053,6787,678704,1388681.8934,1
1764558900000,2.0558,2.0595,2.049,2.0515,10048,1004882,2063308.4391,1
1764558000000,2.0635,2.064,2.0514,2.056,14478,1447875,2979328.1348,1
1764557100000,2.0679,2.0682,2.0553,2.063,4624,462490,953269.633,1
1764556200000,2.0712,2.0761,2.0628,2.0679,11931,1193155,2469389.4517,1
1764555300000,2.0803,2.0834,2.0711,2.0718,2490,249090,517590.1175,1
1764554400000,2.077,2.0873,2.0738,2.0806,7665,766588,1594070.582,1
1764553500000,2.0809,2.0843,2.0756,2.0769,7581,758123,1576009.6646,1
1764552600000,2.0732,2.0871,2.0727,2.0809,3578,357830,744591.3713,1
1764551700000,2.0778,2.0896,2.0729,2.0738,5633,563352,1172950.9223,1
1764550800000,2.0564,2.0922,2.0564,2.0786,15786,1578675,3279014.4468,1
1764549900000,2.0827,2.085,2.0566,2.0566,15980,1598055,3304509.206,1
1764549000000,2.0948,2.1025,2.072,2.0828,17187,1718785,3583541.5684,1
1764548100000,2.1135,2.1176,2.0939,2.0942,16530,1653093,3485768.4199,1
1764547200000,2.1536,2.1598,2.1087,2.1143,22954,2295432,4877603.9888,1
1764546300000,2.1656,2.171,2.1496,2.1539,6516,651660,1406126.7433,1
1764545400000,2.1681,2.1708,2.1616,2.166,3093,309326,669864.6055,1
1764544500000,2.1771,2.1771,2.1666,2.1688,3669,366939,796855.1387,1
1764543600000,2.1921,2.1924,2.176,2.1765,2771,277188,605141.7475,1
1764542700000,2.1865,2.1931,2.1822,2.1914,6001,600190,1310831.0886,1
1764541800000,2.189,2.191,2.1849,2.1865,6214,621402,1360554.6013,1
1764540900000,2.1926,2.1953,2.1896,2.19,1413,141320,309720.7701,1
1764540000000,2.1852,2.1946,2.1843,2.1934,1039,103976,227605.3756,1
1764539100000,2.1848,2.1886,2.1841,2.1852,897,89750,196222.9406,1
1764538200000,2.1882,2.1897,2.1847,2.1864,2219,221976,485378.9377,1
1764537300000,2.1909,2.192,2.1766,2.1876,4658,465869,1016514.3826,1
1764536400000,2.1948,2.1948,2.186,2.1902,962,96290,210959.7647,1
1764535500000,2.189,2.1962,2.1887,2.1952,645,64507,141439.591,1
1764534600000,2.1919,2.1934,2.187,2.1896,2140,214071,469174.7585,1
1764533700000,2.2009,2.2012,2.1914,2.1923,894,89475,196448.045,1
1764532800000,2.1981,2.2025,2.1967,2.2009,1168,116885,257146.1391,1
1764531900000,2.1987,2.2005,2.1968,2.1981,855,85523,188084.6559,1
1764531000000,2.199,2.202,2.195,2.1991,547,54754,120354.6302,1
1764530100000,2.2007,2.2027,2.1969,2.199,1219,121939,268276.8714,1
1764529200000,2.2017,2.2058,2.2007,2.2007,685,68588,151123.0529,1
1764528300000,2.2005,2.2048,2.2,2.202,606,60662,133647.8496,1
1764527400000,2.1988,2.2039,2.1978,2.2005,1317,131796,290264.3155,1
1764526500000,2.1976,2.2009,2.1945,2.1992,803,80389,176623.1844,1
1764525600000,2.2005,2.2017,2.1951,2.197,1832,183236,402778.6776,1
1764524700000,2.2035,2.2049,2.1979,2.201,1807,180790,398341.2832,1
1764523800000,2.1964,2.2066,2.1964,2.2036,3801,380188,836134.8931,1
1764522900000,2.1979,2.2001,2.1955,2.1964,1188,118867,261234.5089,1
1764522000000,2.2083,2.2088,2.1959,2.1978,1539,153973,338958.2482,1
1764521100000,2.2033,2.2142,2.2025,2.2082,3217,321713,710811.3103,1
1764520200000,2.2048,2.2064,2.2017,2.2034,3578,357846,788858.4673,1
1764519300000,2.1979,2.2064,2.196,2.2047,2944,294465,648828.1632,1
1764518400000,2.1958,2.1993,2.195,2.1978,1864,186466,409720.9567,1
1764517500000,2.189,2.1962,2.1882,2.1958,1649,164998,361686.5264,1
1764516600000,2.1923,2.1923,2.1862,2.1892,1521,152106,332767.763,1
1764515700000,2.1866,2.1949,2.1852,2.1923,884,88405,193681.4007,1
1764514800000,2.1932,2.1932,2.1843,2.1867,1400,140097,306607.9577,1
1764513900000,2.1897,2.1934,2.1877,2.1931,3008,300807,658904.2432,1
1764513000000,2.1976,2.1988,2.1877,2.1897,2583,258348,566106.5587,1
1764512100000,2.2021,2.2026,2.1973,2.1976,1457,145778,320588.7023,1
1764511200000,2.2043,2.2046,2.1975,2.2021,1708,170860,375970.5692,1
1764510300000,2.2025,2.205,2.1986,2.2039,2186,218642,481454.715,1
1764509400000,2.2023,2.2067,2.1993,2.2025,2628,262810,579023.3653,1
1764508500000,2.1917,2.2049,2.1917,2.2024,2231,223186,491139.5406,1
1764507600000,2.196,2.1971,2.1917,2.1917,956,95685,209902.0034,1
1764506700000,2.1975,2.2011,2.1931,2.196,1052,105216,231119.5839,1
1764505800000,2.1899,2.1979,2.1892,2.1969,1047,104701,229610.2391,1
1764504900000,2.1889,2.1932,2.1889,2.1899,1352,135294,296457.4027,1
1764504000000,2.1869,2.1893,2.1833,2.1893,1230,123075,269127.4822,1
1764503100000,2.1847,2.1875,2.1822,2.1864,773,77356,169027.4004,1
1764502200000,2.1874,2.1876,2.181,2.1856,3051,305108,666279.8272,1
1764501300000,2.1879,2.1899,2.1856,2.1874,885,88558,193669.0187,1
1764500400000,2.1879,2.1913,2.1863,2.1873,797,79753,174550.6813,1
1764499500000,2.1884,2.1912,2.1863,2.1886,946,94693,207211.2503,1
1764498600000,2.1944,2.1947,2.1878,2.1884,1294,129407,283577.8872,1
1764497700000,2.1911,2.1945,2.1905,2.1945,610,61018,133795.4683,1
1764496800000,2.1945,2.1959,2.1897,2.1911,1225,122500,268642.8521,1
1764495900000,2.194,2.1961,2.1899,2.1958,702,70299,154168.483,1
1764495000000,2.1922,2.1945,2.1891,2.194,703,70304,154072.5519,1
1764494100000,2.1928,2.1959,2.19,2.1922,1094,109489,240087.7361,1
1764493200000,2.1903,2.1969,2.188,2.1938,1962,196272,430036.9538,1
1764492300000,2.1932,2.1956,2.1891,2.19,2131,213148,467279.7089,1
1764491400000,2.1998,2.2013,2.1903,2.1935,1766,176651,387641.1775,1
1764490500000,2.1951,2.209,2.1927,2.2,1796,179666,395752.8167,1
1764489600000,2.1976,2.1979,2.193,2.1946,980,98092,215313.6927,1
1764488700000,2.1956,2.2004,2.1952,2.1976,777,77705,170787.7587,1
1764487800000,2.1967,2.1998,2.1952,2.1956,622,62234,136754.132,1
1764486900000,2.1955,2.1977,2.1937,2.1975,436,43621,95788.1419,1
1764486000000,2.1937,2.1955,2.1909,2.1955,729,72937,159925.2627,1
1764485100000,2.1973,2.1973,2.1928,2.1937,1268,126827,278283.7225,1
1764484200000,2.1956,2.1991,2.1954,2.1973,460,46067,101219.3153,1
1764483300000,2.1913,2.1954,2.19,2.1952,421,42150,92422.7287,1
1764482400000,2.194,2.1966,2.19,2.1915,1093,109307,239798.5271,1
1764481500000,2.1927,2.1958,2.1923,2.194,781,78109,171384.4075,1
1764480600000,2.1913,2.1952,2.1913,2.1941,1032,103261,226536.0024,1
1764479700000,2.1958,2.1971,2.1901,2.1911,1084,108461,237779.3278,1
1764478800000,2.1979,2.1979,2.1948,2.196,2068,206898,454471.2689,1
1764477900000,2.1969,2.1989,2.1962,2.1979,415,41553,91311.827,1
1764477000000,2.198,2.1997,2.1962,2.1969,933,93316,205124.9484,1
1764476100000,2.2048,2.2051,2.1973,2.1973,1180,118098,260079.4468,1
1764475200000,2.2057,2.2085,2.2037,2.2048,2093,209394,461996.5675,1
1764474300000,2.2081,2.2082,2.2027,2.2053,1359,135920,299745.6841,1
1764473400000,2.1963,2.2115,2.1963,2.2078,6864,686489,1516206.8248,1
1764472500000,2.193,2.1978,2.1866,2.1962,2860,286072,627626.9264,1
1764471600000,2.1971,2.1985,2.1921,2.1928,1390,139009,305100.2581,1
1764470700000,2.1986,2.201,2.1948,2.197,6254,625421,1375671.1631,1
1764469800000,2.2019,2.2032,2.1972,2.1988,750,75077,165114.9541,1
1764468900000,2.2098,2.2104,2.2005,2.2019,948,94848,209084.3527,1
1764468000000,2.2046,2.2114,2.2046,2.2105,2182,218254,482025.6415,1
1764467100000,2.2059,2.2078,2.2037,2.2046,1052,105263,232118.7881,1
1764466200000,2.2022,2.2097,2.2022,2.2059,785,78533,173315.9422,1
1764465300000,2.2056,2.2082,2.2002,2.2026,816,81679,180093.7761,1
1764464400000,2.1979,2.2071,2.1968,2.2053,1507,150726,332246.0402,1
1764463500000,2.2001,2.2006,2.1979,2.1983,361,36164,79534.4708,1
1764462600000,2.2,2.2024,2.1965,2.2001,1500,150063,330005.0745,1
1764461700000,2.2037,2.2038,2.1994,2.2002,6270,627003,1380762.8766,1
1764460800000,2.1991,2.204,2.1978,2.2038,2471,247190,544090.7649,1
1764459900000,2.2,2.2036,2.1983,2.1991,5478,547899,1206014.2995,1
1764459000000,2.1998,2.202,2.1989,2.2003,674,67435,148398.3429,1
1764458100000,2.1978,2.2046,2.1975,2.1998,5871,587118,1291215.9808,1
1764457200000,2.2003,2.2027,2.1954,2.1978,6812,681285,1498292.4423,1
1764456300000,2.2073,2.2081,2.1992,2.2003,1705,170577,375762.1047,1
1764455400000,2.1998,2.2073,2.199,2.2073,1473,147334,324631.6789,1
1764454500000,2.1975,2.203,2.1967,2.1998,765,76546,168397.3864,1
1764453600000,2.2051,2.2054,2.1968,2.1977,1704,170453,375157.0621,1
1764452700000,2.2063,2.2095,2.2048,2.2051,1554,155451,342949.8887,1
1764451800000,2.2087,2.2109,2.2053,2.2062,1072,107220,236693.9623,1
1764450900000,2.2033,2.2143,2.2031,2.2087,2677,267735,591715.5144,1
1764450000000,2.2078,2.2086,2.2024,2.2032,1564,156408,344948.3044,1
1764449100000,2.1944,2.209,2.1938,2.208,3572,357234,787256.8819,1
1764448200000,2.1919,2.1947,2.1905,2.1944,1889,188963,414324.6945,1
1764447300000,2.187,2.1927,2.1855,2.1919,3462,346268,758198.9634,1
1764446400000,2.193,2.1942,2.1858,2.1868,4057,405726,888232.6785,1
1764445500000,2.1936,2.1962,2.1901,2.192,2065,206548,452784.0292,1
1764444600000,2.2044,2.2054,2.1942,2.1942,1800,180045,395869.1971,1
1764443700000,2.2068,2.2069,2.203,2.2048,1344,134498,296537.312,1
1764442800000,2.2,2.212,2.197,2.2064,4421,442166,976541.2689,1
1764441900000,2.2017,2.2029,2.196,2.1994,1949,194972,428793.5271,1
1764441000000,2.1924,2.2029,2.189,2.2015,1960,196080,430498.8522,1
1764440100000,2.1968,2.2009,2.19,2.1925,8005,800536,1757617.1096,1
1764439200000,2.1974,2.2019,2.1886,2.1966,6187,618729,1359527.7378,1
1764438300000,2.2048,2.2074,2.1959,2.1973,2842,284277,625286.8058,1
1764437400000,2.2107,2.2107,2.2002,2.2048,8524,852443,1879423.7172,1
1764436500000,2.2142,2.2193,2.211,2.211,6666,666694,1478352.4261,1
1764435600000,2.2162,2.2177,2.2112,2.2143,7655,765519,1694928.6309,1
1764434700000,2.2105,2.221,2.21,2.2146,2244,224423,497000.3501,1
1764433800000,2.2092,2.2164,2.2073,2.2105,2863,286335,633488.443,1
1764432900000,2.215,2.2196,2.2051,2.2094,2624,262410,580451.1003,1
1764432000000,2.2173,2.219,2.2135,2.2154,2092,209200,463612.4587,1
1764431100000,2.2135,2.2207,2.2109,2.2175,4048,404851,897376.2569,1
1764430200000,2.2123,2.2178,2.2103,2.2135,2267,226704,501754.3346,1
1764429300000,2.2137,2.2196,2.2112,2.2124,3762,376219,833521.4139,1
1764428400000,2.2023,2.2148,2.201,2.2139,3461,346111,764829.1038,1
1764427500000,2.1996,2.2037,2.1961,2.2026,1387,138733,305160.2099,1
1764426600000,2.2057,2.2109,2.1984,2.1994,2140,214009,471764.1895,1
1764425700000,2.1959,2.2057,2.1905,2.2057,2360,236050,519064.9556,1
1764424800000,2.1984,2.1985,2.1925,2.196,2291,229162,502827.5306,1
1764423900000,2.2033,2.2038,2.1982,2.1984,1152,115251,253580.5692,1
1764423000000,2.2078,2.2079,2.1966,2.2033,1449,144910,318919.0884,1
1764422100000,2.2079,2.208,2.202,2.2073,2522,252209,556144.3734,1
1764421200000,2.2121,2.214,2.2064,2.2075,1527,152779,337726.2426,1
1764420300000,2.2161,2.219,2.21,2.2128,4880,488032,1080134.0449,1
1764419400000,2.2055,2.218,2.2031,2.2161,2549,254936,563535.3793,1
1764418500000,2.2087,2.2143,2.2031,2.2063,9290,929077,2050452.8444,1
1764417600000,2.2107,2.2223,2.2053,2.2089,2384,238446,527965.9604,1
1764416700000,2.212,2.212,2.2018,2.2107,7919,791933,1747801.7156,1
1764415800000,2.2019,2.214,2.1968,2.2118,2848,284871,628246.8082,1
1764414900000,2.1909,2.2024,2.1902,2.2014,4502,450209,988744.8167,1
1764414000000,2.1849,2.192,2.1821,2.1909,2732,273202,598138.2856,1
1764413100000,2.1815,2.187,2.1815,2.1858,370,37063,80953.1586,1
1764412200000,2.1841,2.1859,2.1811,2.1815,552,55254,120653.478,1
1764411300000,2.1857,2.1857,2.1777,2.1841,992,99251,216658.8247,1
1764410400000,2.1834,2.1872,2.1801,2.1854,994,99413,217141.0668,1
1764409500000,2.1789,2.1837,2.1789,2.1834,440,44035,96049.9065,1
1764408600000,2.1766,2.1799,2.1761,2.1789,468,46803,101940.427,1
1764407700000,2.1768,2.1792,2.1755,2.1766,559,55915,121745.6661,1
1764406800000,2.1804,2.1827,2.175,2.1768,781,78107,170205.1069,1
1764405900000,2.1796,2.1815,2.1775,2.1804,574,57423,125163.6192,1
1764405000000,2.1761,2.1828,2.173,2.1797,482,48257,105088.6316,1
1764404100000,2.1775,2.1805,2.175,2.1761,662,66200,144189.9283,1
1764403200000,2.1792,2.1817,2.1744,2.1784,688,68878,150009.5513,1
1764402300000,2.1792,2.181,2.1738,2.179,728,72819,158502.7773,1
1764401400000,2.184,2.185,2.1788,2.1792,829,82945,180883.2728,1
1764400500000,2.1816,2.184,2.1796,2.1837,548,54817,119590.8916,1
1764399600000,2.1816,2.1843,2.1779,2.1816,991,99116,216199.3075,1
1764398700000,2.1798,2.1873,2.1782,2.182,1120,112067,244607.7584,1
1764397800000,2.1725,2.1805,2.1649,2.1801,3389,338948,735501.9253,1
1764396900000,2.1815,2.1815,2.1702,2.1736,2347,234753,510069.625,1
1764396000000,2.1804,2.1824,2.1781,2.1815,879,87914,191642.0966,1
1764395100000,2.1833,2.1836,2.1778,2.1792,474,47420,103381.7277,1
1764394200000,2.184,2.1857,2.1813,2.1833,363,36341,79343.9381,1
1764393300000,2.1841,2.1888,2.183,2.184,2906,290625,635714.2004,1
1764392400000,2.1879,2.1879,2.1841,2.1845,412,41217,90083.0095,1
1764391500000,2.1803,2.1885,2.1803,2.1883,448,44887,98042.2604,1
1764390600000,2.1825,2.1834,2.1789,2.1803,435,43582,95074.7425,1
1764389700000,2.1817,2.1839,2.1781,2.1825,727,72704,158638.4561,1
1764388800000,2.1849,2.1849,2.1791,2.1822,748,74829,163316.2459,1
1764387900000,2.1818,2.1851,2.1809,2.1841,702,70248,153335.9252,1
1764387000000,2.1795,2.1851,2.1771,2.1817,3599,359970,785120.7823,1
1764386100000,2.1813,2.1872,2.1791,2.1795,2177,217759,475363.7895,1
1764385200000,2.1785,2.1818,2.1778,2.1811,500,50005,109018.1253,1
1764384300000,2.1748,2.18,2.1727,2.1787,2241,224166,488005.2025,1
1764383400000,2.1793,2.1793,2.1705,2.1748,5490,549035,1192602.0318,1
1764382500000,2.1805,2.1823,2.1788,2.1794,1609,160908,350785.2983,1
1764381600000,2.1765,2.18,2.1741,2.18,459,45958,100043.1546,1
1764380700000,2.1757,2.179,2.1737,2.1765,1456,145661,317063.2902,1
1764379800000,2.1785,2.1794,2.1734,2.1754,1354,135435,294621.0742,1
1764378900000,2.1813,2.1854,2.1777,2.1783,1323,132332,288687.8209,1
1764378000000,2.1798,2.186,2.1791,2.1821,1380,138039,301279.2601,1
1764377100000,2.1811,2.1823,2.1778,2.1799,1184,118497,258242.3564,1
1764376200000,2.184,2.1858,2.1777,2.1812,1877,187705,409695.4509,1
1764375300000,2.175,2.184,2.1722,2.1839,4803,480363,1047231.5987,1
1764374400000,2.1777,2.1784,2.1721,2.1743,1629,162964,354546.1278,1
1764373500000,2.1808,2.1814,2.1766,2.1776,6271,627157,1366713.28,1
1764372600000,2.181,2.1844,2.18,2.1816,700,70091,152908.0912,1
1764371700000,2.1839,2.1841,2.1808,2.1814,1146,114601,250072.8853,1
1764370800000,2.1855,2.19,2.1802,2.1843,1314,131475,287294.1033,1
1764369900000,2.1808,2.189,2.1808,2.1853,1259,125963,275465.7434,1
1764369000000,2.1801,2.1831,2.1773,2.1808,814,81412,177488.8416,1
1764368100000,2.178,2.1817,2.1728,2.1789,1547,154712,336918.7369,1
1764367200000,2.1813,2.1847,2.1749,2.1785,1213,121370,264610.4716,1
1764366300000,2.1887,2.1887,2.1811,2.1811,1243,124302,271534.0225,1
1764365400000,2.1798,2.1907,2.1797,2.1887,1537,153744,335955.6955,1
1764364500000,2.1837,2.1837,2.1746,2.1795,2412,241274,525568.8808,1
1764363600000,2.1876,2.1896,2.1809,2.184,1882,188247,411358.9761,1
1764362700000,2.1834,2.1908,2.1809,2.1877,1557,155721,340355.1993,1
1764361800000,2.1844,2.1883,2.1822,2.1834,1589,158919,347244.9774,1
1764360900000,2.1769,2.1889,2.1732,2.1844,3215,321586,701774.2345,1
1764360000000,2.1862,2.1862,2.1707,2.1769,4971,497137,1081968.7784,1
1764359100000,2.1894,2.1909,2.1848,2.1871,1294,129479,283250.2915,1
1764358200000,2.1848,2.1926,2.183,2.1891,2764,276446,604602.833,1
1764357300000,2.1828,2.1878,2.1775,2.1848,9585,958514,2092625.0149,1
1764356400000,2.171,2.1837,2.1707,2.1827,3008,300883,654523.7111,1
1764355500000,2.1707,2.1783,2.1664,2.171,1863,186356,404858.2811,1
1764354600000,2.1662,2.1717,2.1608,2.1715,5475,547567,1185407.8486,1
1764353700000,2.1712,2.1733,2.1615,2.1656,4138,413803,896604.7998,1
1764352800000,2.1726,2.175,2.1544,2.1714,9522,952244,2058521.3941,1
1764351900000,2.1701,2.1807,2.1645,2.1742,8126,812619,1767598.2159,1
1764351000000,2.1764,2.1804,2.1684,2.17,14005,1400568,3042918.6189,1
1764350100000,2.1843,2.188,2.1756,2.1775,7269,726994,1586076.5431,1
1764349200000,2.1908,2.1954,2.1818,2.184,10512,1051247,2304365.8933,1
1764348300000,2.2046,2.2111,2.1888,2.1897,7436,743628,1636314.0719,1
1764347400000,2.2053,2.2137,2.2004,2.2048,14200,1420044,3137697.1928,1
1764346500000,2.2304,2.2314,2.2021,2.2066,15377,1537731,3406959.4313,1
1764345600000,2.2447,2.2509,2.2308,2.2308,12278,1227865,2748005.0392,1
1764344700000,2.2581,2.2634,2.2393,2.244,6293,629377,1417096.7751,1
1764343800000,2.2595,2.2685,2.2486,2.2588,15616,1561635,3524346.6804,1
1764342900000,2.2249,2.2743,2.2241,2.2597,33185,3318559,7486330.4892,1
1764342000000,2.2137,2.2245,2.212,2.224,5817,581715,1291859.0252,1
1764341100000,2.2032,2.2142,2.1995,2.2139,3779,377952,834706.7731,1
1764340200000,2.2282,2.2294,2.2033,2.2039,6254,625478,1383206.6865,1
1764339300000,2.2149,2.2319,2.2139,2.2267,9725,972598,2161860.5946,1
1764338400000,2.2201,2.224,2.21,2.2149,5755,575585,1276072.7206,1
1764337500000,2.2081,2.2288,2.2081,2.2208,10080,1008081,2237886.1024,1
1764336600000,2.1956,2.2118,2.1939,2.2078,3819,381993,841958.0444,1
1764335700000,2.1919,2.1965,2.1893,2.1953,1266,126665,277787.7354,1
1764334800000,2.1945,2.1965,2.1873,2.1919,2528,252889,554195.4576,1
1764333900000,2.1939,2.201,2.1928,2.1946,1214,121432,266706.142,1
1764333000000,2.1959,2.2001,2.1936,2.1943,1014,101485,222941.4894,1
1764332100000,2.1969,2.1988,2.1916,2.196,999,99915,219352.5873,1
1764331200000,2.1956,2.2015,2.1939,2.1972,5183,518376,1139180.9254,1
1764330300000,2.1916,2.1977,2.1889,2.1965,1842,184227,404061.056,1
1764329400000,2.1935,2.1966,2.1887,2.1913,4127,412768,905902.9732,1
1764328500000,2.2019,2.2024,2.1838,2.1939,3846,384647,843603.0927,1
1764327600000,2.2237,2.2245,2.2018,2.2021,3436,343690,761772.9605,1
1764326700000,2.2209,2.2275,2.2184,2.2233,6503,650391,1447229.0339,1
1764325800000,2.2254,2.2277,2.2194,2.2209,4960,496025,1101516.1541,1
1764324900000,2.2258,2.23,2.2234,2.2256,982,98200,218584.3947,1
1764324000000,2.2319,2.2319,2.224,2.225,1269,126955,282714.7905,1
1764323100000,2.2288,2.2358,2.2285,2.2321,1256,125668,280546.2362,1
1764322200000,2.2399,2.2399,2.2248,2.228,2545,254581,568072.04,1
1764321300000,2.2435,2.2452,2.2367,2.2398,3020,302041,676529.6097,1
1764320400000,2.2435,2.2492,2.234,2.244,4163,416306,933080.3621,1
1764319500000,2.218,2.244,2.2175,2.2423,6418,641858,1433868.2655,1
1764318600000,2.2148,2.2269,2.2127,2.2182,1916,191620,425394.5213,1
1764317700000,2.2093,2.2183,2.2067,2.2156,2639,263951,584286.9792,1
1764316800000,2.196,2.2099,2.196,2.2095,1321,132143,291178.5636,1
1764315900000,2.1973,2.1996,2.1937,2.1963,883,88317,194029.6617,1
1764315000000,2.2058,2.2058,2.1959,2.1975,895,89583,197115.0857,1
1764314100000,2.2077,2.2099,2.203,2.2058,963,96337,212615.2085,1
1764313200000,2.1997,2.2103,2.1988,2.2083,1026,102645,226430.6438,1
1764312300000,2.2039,2.2053,2.199,2.1997,902,90268,198746.716,1
1764311400000,2.2032,2.2072,2.1943,2.2041,1582,158298,348163.2668,1
1764310500000,2.2097,2.2135,2.2018,2.2036,1711,171156,377720.8822,1
1764309600000,2.213,2.2191,2.2086,2.2096,3895,389531,861847.0828,1
1764308700000,2.2061,2.221,2.2061,2.213,3412,341271,755692.9444,1
1764307800000,2.1966,2.2062,2.1965,2.2061,1674,167477,368819.0476,1
1764306900000,2.1971,2.1995,2.1944,2.1966,1162,116243,255284.27,1
1764306000000,2.1889,2.1993,2.187,2.1975,1218,121878,267528.0914,1
1764305100000,2.1908,2.1925,2.1884,2.1889,700,70099,153544.2686,1
1764304200000,2.1894,2.193,2.1874,2.1908,1320,132053,289221.6914,1
1764303300000,2.189,2.1913,2.1871,2.1887,1025,102533,224513.1761,1
1764302400000,2.1844,2.189,2.18,2.189,1342,134232,293084.7167,1
1764301500000,2.1808,2.1873,2.1803,2.1843,1286,128685,281109.8797,1
1764300600000,2.1818,2.1839,2.179,2.1804,1006,100659,219605.3828,1
1764299700000,2.1816,2.1837,2.1776,2.1818,2684,268463,585302.8622,1
1764298800000,2.1839,2.1879,2.1812,2.1834,1947,194707,425141.8051,1
1764297900000,2.1774,2.186,2.1751,2.1838,1878,187836,409558.9683,1
1764297000000,2.1692,2.1785,2.168,2.1774,2702,270227,587830.8988,1
1764296100000,2.1758,2.1784,2.166,2.17,5544,554401,1203814.3254,1
1764295200000,2.1709,2.1758,2.1666,2.1755,2208,220811,479587.0642,1
1764294300000,2.1826,2.1849,2.1668,2.1709,3252,325259,706686.3701,1
1764293400000,2.184,2.188,2.1787,2.1826,1407,140735,307344.8973,1
1764292500000,2.1824,2.1871,2.1802,2.1838,5554,555498,1213460.3807,1
1764291600000,2.1907,2.1924,2.1819,2.1832,3848,384883,841833.9598,1
1764290700000,2.1961,2.1979,2.1901,2.1917,1260,126039,276426.7444,1
1764289800000,2.1976,2.204,2.1951,2.1963,2355,235576,518128.3329,1
1764288900000,2.1942,2.2009,2.1912,2.1973,1922,192288,421983.0073,1
1764288000000,2.1981,2.2032,2.1933,2.1943,2769,276997,608729.4089,1
1764287100000,2.2041,2.2042,2.1978,2.1993,1253,125347,275715.8789,1
1764286200000,2.2011,2.2048,2.1943,2.2041,1673,167332,367992.7719,1
1764285300000,2.2041,2.2092,2.2003,2.2018,1814,181462,399814.2708,1
1764284400000,2.2046,2.2085,2.1994,2.2041,2379,237957,524684.0591,1
1764283500000,2.2042,2.2089,2.1976,2.2048,5484,548443,1207704.7198,1
1764282600000,2.2171,2.2178,2.2027,2.2045,2563,256366,566172.0407,1
1764281700000,2.2149,2.2188,2.2125,2.2169,2056,205600,455562.6432,1
1764280800000,2.2116,2.2163,2.2101,2.2159,3150,315014,697358.3478,1
1764279900000,2.2219,2.2238,2.2118,2.212,1556,155675,345024.8734,1
1764279000000,2.2251,2.2251,2.2193,2.2214,1289,128932,286494.9563,1
1764278100000,2.2235,2.2287,2.2207,2.2252,1961,196165,436589.1108,1
1764277200000,2.2251,2.2266,2.2165,2.2234,4186,418678,930484.5074,1
1764276300000,2.228,2.2319,2.2245,2.2251,1731,173197,385943.2878,1
1764275400000,2.228,2.2324,2.222,2.2278,1547,154717,344587.8142,1
1764274500000,2.2305,2.233,2.2267,2.2282,4095,409560,912796.4594,1
1764273600000,2.2232,2.2318,2.2218,2.2305,3942,394223,878170.7194,1
1764272700000,2.2236,2.2245,2.2198,2.2219,852,85247,189482.816,1
1764271800000,2.2217,2.2241,2.2166,2.2231,2189,218988,486205.3994,1
1764270900000,2.2177,2.2232,2.2146,2.2217,1648,164858,365867.4605,1
1764270000000,2.2276,2.2297,2.2178,2.2178,5188,518865,1153232.8049,1
1764269100000,2.2257,2.23,2.2237,2.2284,2416,241645,538143.7724,1
1764268200000,2.2124,2.2278,2.2112,2.2263,4535,453589,1008582.4698,1
1764267300000,2.2081,2.2139,2.2061,2.2124,1181,118112,261104.6193,1
1764266400000,2.2057,2.2099,2.2045,2.2085,1046,104621,230896.2729,1
1764265500000,2.204,2.2086,2.2005,2.2069,1612,161255,355340.7261,1
1764264600000,2.2049,2.2091,2.2009,2.204,1985,198508,437525.6956,1
1764263700000,2.2117,2.2138,2.2044,2.2055,1783,178380,394319.2596,1
1764262800000,2.216,2.216,2.2092,2.2105,2866,286622,634202.5085,1
1764261900000,2.2095,2.2175,2.2052,2.216,2534,253424,560491.9003,1
1764261000000,2.2132,2.217,2.21,2.21,2888,288816,639190.575,1
1764260100000,2.2124,2.2179,2.207,2.2138,2068,206845,457569.5556,1
1764259200000,2.2014,2.2128,2.1968,2.2124,5028,502841,1107329.08,1
1764258300000,2.196,2.2022,2.194,2.2018,1781,178147,391830.3604,1
1764257400000,2.197,2.1989,2.1929,2.1955,1626,162615,357127.7729,1
1764256500000,2.1813,2.1971,2.1813,2.1967,3492,349279,765885.0171,1
1764255600000,2.1819,2.1877,2.1787,2.1814,2152,215253,470091.1945,1
1764254700000,2.1793,2.1834,2.1771,2.182,2464,246402,537561.8065,1
1764253800000,2.1853,2.1873,2.178,2.1793,1490,149035,325311.0932,1
1764252900000,2.1798,2.1866,2.1774,2.1855,1565,156521,341406.0382,1
1764252000000,2.1794,2.1807,2.1751,2.1798,1221,122195,266103.4311,1
1764251100000,2.177,2.1831,2.1747,2.1788,2515,251524,548165.42,1
1764250200000,2.1788,2.1821,2.171,2.177,2402,240241,522879.4755,1
1764249300000,2.1805,2.1826,2.174,2.1796,2608,260875,568435.7514,1
1764248400000,2.1739,2.1805,2.1739,2.1805,2717,271796,591627.5334,1
1764247500000,2.1773,2.1784,2.1718,2.1743,2567,256782,558250.0107,1
1764246600000,2.1799,2.184,2.1744,2.1773,2594,259471,565148.5268,1
1764245700000,2.1879,2.1895,2.1791,2.1799,2212,221228,482777.9083,1
1764244800000,2.188,2.1905,2.186,2.1878,882,88219,193035.3694,1
1764243900000,2.1896,2.1901,2.1876,2.1879,458,45842,100335.177,1
1764243000000,2.1862,2.1919,2.1838,2.1898,1431,143127,313369.8484,1
1764242100000,2.1887,2.1902,2.1854,2.1862,813,81304,177892.6518,1
1764241200000,2.1878,2.1901,2.1852,2.1887,1065,106583,233134.4366,1
1764240300000,2.1888,2.1896,2.1853,2.1878,1013,101336,221703.8744,1
1764239400000,2.1906,2.1906,2.1831,2.1896,2179,217959,476464.141,1
1764238500000,2.1886,2.1946,2.1886,2.1908,1440,144097,315810.5213,1
1764237600000,2.197,2.1976,2.1874,2.1886,1929,192907,422644.3514,1
1764236700000,2.2042,2.2047,2.1952,2.1971,1682,168219,369717.6919,1
1764235800000,2.1977,2.2089,2.1977,2.2042,2072,207282,456980.4207,1
1764234900000,2.1985,2.2046,2.1971,2.1973,1184,118472,260823.2813,1
1764234000000,2.1989,2.201,2.1973,2.1989,844,84408,185656.1286,1
1764233100000,2.1948,2.1992,2.1935,2.1989,863,86386,189703.2767,1
1764232200000,2.1963,2.1999,2.1941,2.1947,1074,107467,236035.7937,1
1764231300000,2.1924,2.197,2.1872,2.1957,3048,304879,668046.6187,1
1764230400000,2.2035,2.2043,2.1921,2.1925,1986,198630,436376.7011,1
1764229500000,2.2034,2.2072,2.2017,2.2034,630,63034,138950.5075,1
1764228600000,2.2108,2.211,2.2015,2.2034,3317,331756,731519.1367,1
1764227700000,2.208,2.2134,2.2068,2.2108,1095,109500,241972.3835,1
1764226800000,2.2085,2.2101,2.2059,2.2081,660,66018,145785.735,1
1764225900000,2.2085,2.2114,2.2059,2.2083,5798,579872,1279824.83,1
1764225000000,2.2106,2.2142,2.2068,2.2085,3341,334144,738534.0489,1
1764224100000,2.2086,2.2124,2.2058,2.2111,2498,249852,551615.6442,1
1764223200000,2.1996,2.2098,2.1996,2.2086,1075,107528,236965.3525,1
1764222300000,2.2026,2.2038,2.1941,2.1996,2806,280633,616988.3938,1
1764221400000,2.2146,2.2146,2.2015,2.2025,3489,348961,770069.7132,1
1764220500000,2.2149,2.2182,2.2086,2.2146,957,95731,211975.6404,1
1764219600000,2.2123,2.2162,2.2106,2.2152,589,58971,130508.9693,1
1764218700000,2.2115,2.2135,2.2086,2.2122,751,75121,166086.0263,1
1764217800000,2.2128,2.2154,2.2097,2.2111,1007,100755,222906.9026,1
1764216900000,2.219,2.219,2.2131,2.2131,927,92770,205653.2581,1
1764216000000,2.2086,2.22,2.2074,2.2191,1372,137255,304026.739,1
1764215100000,2.2092,2.2114,2.2055,2.2089,966,96647,213464.4175,1
1764214200000,2.2123,2.2123,2.2056,2.2085,4898,489849,1081643.6144,1
1764213300000,2.2162,2.2201,2.2121,2.2127,1105,110591,245096.7118,1
1764212400000,2.2187,2.2231,2.2138,2.2162,3981,398104,883103.8019,1
1764211500000,2.2309,2.2325,2.2186,2.2188,2655,265583,591103.9371,1
1764210600000,2.2296,2.233,2.2234,2.2314,3650,365006,813867.4756,1
1764209700000,2.2212,2.2297,2.2173,2.2296,3242,324255,719678.8191,1
1764208800000,2.2254,2.2267,2.2195,2.2219,2299,229928,510986.4066,1
1764207900000,2.2197,2.229,2.217,2.2266,1383,138352,307514.8805,1
1764207000000,2.2191,2.221,2.2149,2.2205,733,73375,162735.3834,1
1764206100000,2.2189,2.2234,2.215,2.2198,1385,138534,307391.6029,1
1764205200000,2.2192,2.2291,2.2163,2.2187,2513,251352,558469.3668,1
1764204300000,2.2248,2.2325,2.2188,2.2194,2686,268600,598105.176,1
1764203400000,2.2173,2.2242,2.2165,2.2241,1375,137512,305228.9006,1
1764202500000,2.2148,2.2191,2.2131,2.2177,3071,307162,681077.7842,1
1764201600000,2.2211,2.2223,2.2115,2.2145,2639,263960,584802.4436,1
1764200700000,2.2207,2.2248,2.2204,2.2214,827,82797,184051.0292,1
1764199800000,2.2183,2.2254,2.2183,2.2209,931,93180,207016.9087,1
1764198900000,2.2274,2.2274,2.2185,2.2185,2000,200027,444392.7645,1
1764198000000,2.2226,2.2308,2.2208,2.2274,3376,337665,752063.2849,1
1764197100000,2.221,2.2262,2.2201,2.2228,3184,318432,707617.5584,1
1764196200000,2.2228,2.227,2.2187,2.2217,1096,109686,243849.8104,1
1764195300000,2.226,2.2316,2.2188,2.2233,1756,175655,390822.2447,1
1764194400000,2.2249,2.2329,2.2192,2.2261,1687,168790,375355.5207,1
1764193500000,2.2241,2.2318,2.2213,2.2249,1385,138597,308578.1938,1
1764192600000,2.2323,2.2346,2.2236,2.2241,2759,275913,614608.4567,1
1764191700000,2.222,2.2347,2.2163,2.2329,7156,715678,1592478.4449,1
1764190800000,2.2261,2.2295,2.2216,2.222,2868,286810,638291.695,1
1764189900000,2.2114,2.2271,2.2109,2.2254,5699,569944,1266812.0752,1
1764189000000,2.2209,2.2245,2.2105,2.2108,2228,222845,493890.8693,1
1764188100000,2.2273,2.2283,2.218,2.2215,8832,883272,1964938.2904,1
1764187200000,2.2305,2.2318,2.2151,2.2266,9131,913119,2030639.361,1
1764186300000,2.2321,2.2367,2.23,2.2311,1714,171432,382861.3226,1
1764185400000,2.236,2.2391,2.2309,2.2332,2950,295096,659634.5445,1
1764184500000,2.2297,2.237,2.2251,2.2368,3436,343628,766904.2162,1
1764183600000,2.2417,2.2421,2.2261,2.2289,3576,357606,798871.5302,1
1764182700000,2.2247,2.2423,2.2232,2.2418,4414,441478,986044.702,1
1764181800000,2.2473,2.2477,2.2238,2.225,8687,868769,1942200.5705,1
1764180900000,2.2417,2.2542,2.2403,2.2476,10990,1099045,2467892.7457,1
1764180000000,2.2335,2.2469,2.2322,2.2414,6256,625602,1400710.664,1
1764179100000,2.2298,2.239,2.2275,2.2324,9534,953480,2129545.213,1
1764178200000,2.2148,2.2296,2.2115,2.2296,8271,827174,1837360.6572,1
1764177300000,2.1922,2.2163,2.1884,2.2145,9726,972656,2141491.4846,1
1764176400000,2.1901,2.1965,2.1893,2.1915,2229,222946,488870.7289,1
1764175500000,2.1889,2.1923,2.1814,2.1894,2904,290438,635078.6679,1
1764174600000,2.1877,2.1993,2.186,2.1889,2602,260283,570259.3912,1
1764173700000,2.1874,2.196,2.1862,2.1874,3696,369676,809533.812,1
1764172800000,2.1713,2.1891,2.171,2.1875,3934,393404,859402.7611,1
1764171900000,2.1636,2.171,2.1575,2.1708,3145,314511,680599.6463,1
1764171000000,2.1745,2.176,2.164,2.1644,6262,626226,1357587.7187,1
1764170100000,2.1596,2.1761,2.1531,2.1739,6348,634837,1374869.7891,1
1764169200000,2.1497,2.168,2.1493,2.1603,8452,845267,1823784.0441,1
1764168300000,2.1662,2.1796,2.1466,2.1504,5761,576171,1246526.5834,1
1764167400000,2.1674,2.177,2.1589,2.166,4029,402962,873294.8906,1
1764166500000,2.1697,2.1715,2.164,2.1677,1702,170262,369033.3814,1
1764165600000,2.1641,2.17,2.1552,2.1696,1791,179189,387535.6799,1
1764164700000,2.1611,2.1646,2.1574,2.1641,1877,187704,405656.8727,1
1764163800000,2.1552,2.1664,2.1494,2.1609,3694,369480,797411.8235,1
1764162900000,2.15,2.1598,2.1491,2.1562,2166,216678,466919.2159,1
1764162000000,2.1503,2.154,2.1429,2.15,2979,297925,640497.1287,1
1764161100000,2.1483,2.1543,2.1468,2.1506,1593,159342,342583.323,1
1764160200000,2.1525,2.1525,2.1468,2.1483,5046,504633,1085286.4506,1
1764159300000,2.15,2.1564,2.145,2.1531,7881,788167,1695623.224,1
1764158400000,2.1697,2.1753,2.1501,2.1503,6601,660194,1426691.3502,1
1764157500000,2.1715,2.1743,2.1678,2.1698,1148,114865,249253.0543,1
1764156600000,2.1704,2.1734,2.1676,2.1711,1132,113268,245776.7669,1
1764155700000,2.172,2.1735,2.1681,2.17,855,85532,185650.36,1
1764154800000,2.1721,2.1748,2.1685,2.1716,1927,192755,418392.4955,1
1764153900000,2.1734,2.1766,2.1718,2.1722,1026,102684,223302.8504,1
1764153000000,2.1795,2.1796,2.1678,2.1734,3215,321579,698403.0423,1
1764152100000,2.1793,2.1798,2.1741,2.1794,1408,140892,306676.7398,1
1764151200000,2.1776,2.1844,2.1773,2.1801,1938,193845,422700.8656,1
1764150300000,2.1771,2.1779,2.1718,2.1774,1391,139104,302559.34,1
1764149400000,2.1792,2.181,2.1735,2.1773,3537,353717,770086.3726,1
1764148500000,2.1861,2.1862,2.1792,2.1792,1442,144217,314618.1353,1
1764147600000,2.1881,2.1898,2.1833,2.1862,1810,181050,395887.6713,1
1764146700000,2.1955,2.197,2.1873,2.1881,1117,111796,244976.9812,1
1764145800000,2.1911,2.1977,2.1888,2.1959,1486,148663,325951.8961,1
1764144900000,2.1983,2.2005,2.1903,2.1907,1879,187914,412227.5284,1
1764144000000,2.2047,2.2049,2.1973,2.1979,1801,180183,396736.3087,1
1764143100000,2.1976,2.2059,2.1955,2.2048,1083,108392,238670.6499,1
1764142200000,2.2011,2.2017,2.195,2.1976,822,82266,180897.7937,1
1764141300000,2.1992,2.2023,2.1978,2.2014,863,86395,190065.5953,1
1764140400000,2.1976,2.201,2.1944,2.1995,847,84765,186272.7609,1
1764139500000,2.1922,2.2034,2.1903,2.1979,3143,314361,691570.9234,1
1764138600000,2.1869,2.1924,2.1849,2.1923,787,78707,172274.2703,1
1764137700000,2.1941,2.1944,2.1839,2.1876,1275,127571,279012.114,1
1764136800000,2.1905,2.1981,2.1884,2.1938,1966,196622,431276.2506,1
1764135900000,2.1929,2.1966,2.1901,2.1909,2121,212112,465120.729,1
1764135000000,2.1883,2.1988,2.1866,2.1929,1541,154155,337990.4387,1
1764134100000,2.1865,2.1916,2.1835,2.1882,1305,130582,285557.1537,1
1764133200000,2.1761,2.1886,2.1748,2.1865,1394,139472,304566.4394,1
1764132300000,2.1731,2.1768,2.1714,2.1761,922,92279,200651.3305,1
1764131400000,2.1744,2.1778,2.1715,2.1731,1147,114710,249438.7342,1
1764130500000,2.1713,2.1765,2.1692,2.1744,1789,178990,389063.4276,1
1764129600000,2.1753,2.1792,2.1713,2.1714,1380,138096,300325.1266,1
1764128700000,2.1796,2.1796,2.1721,2.175,1487,148785,323721.0225,1
1764127800000,2.1927,2.1927,2.1752,2.1798,3999,399990,871785.192,1
1764126900000,2.1894,2.194,2.1873,2.1927,1030,103087,225844.0768,1
1764126000000,2.1899,2.1927,2.1861,2.1884,3042,304293,665877.0164,1
1764125100000,2.1954,2.1961,2.1896,2.1899,5769,576931,1264272.5187,1
1764124200000,2.1931,2.1965,2.1892,2.1954,1708,170801,374650.6533,1
1764123300000,2.2036,2.2078,2.1925,2.1933,2801,280165,615674.5052,1
1764122400000,2.2022,2.2064,2.2,2.2044,2220,222048,489215.4325,1
1764121500000,2.2073,2.2073,2.2004,2.2019,1349,134904,297143.0401,1
1764120600000,2.199,2.2124,2.1976,2.207,2478,247819,546445.1241,1
1764119700000,2.1917,2.2014,2.1896,2.199,1928,192876,423038.0419,1
1764118800000,2.1939,2.1939,2.1863,2.1922,1854,185415,406298.3099,1
1764117900000,2.1941,2.2009,2.1904,2.1939,1271,127102,278956.8132,1
1764117000000,2.1991,2.2017,2.1908,2.1943,1644,164488,361192.4841,1
1764116100000,2.2015,2.2078,2.1953,2.199,2031,203140,447123.4199,1
1764115200000,2.2009,2.2059,2.1983,2.2015,2208,220870,486624.7745,1
1764114300000,2.2044,2.2054,2.196,2.2012,1407,140797,309726.9544,1
1764113400000,2.2032,2.2062,2.2004,2.2045,1243,124393,274082.6872,1
1764112500000,2.2149,2.2149,2.2028,2.2032,5108,510817,1128509.1878,1
1764111600000,2.2081,2.2163,2.199,2.2152,5533,553391,1221236.6379,1
1764110700000,2.1972,2.2099,2.1932,2.2077,1785,178541,392964.1408,1
1764109800000,2.1926,2.2052,2.189,2.1964,3251,325157,714295.1302,1
1764108900000,2.1723,2.1939,2.1715,2.1926,3507,350755,766431.8581,1
1764108000000,2.1846,2.1846,2.1692,2.1729,12102,1210218,2632645.4914,1
1764107100000,2.1923,2.1955,2.1849,2.1857,1752,175238,383799.2585,1
1764106200000,2.1959,2.1971,2.1872,2.1923,3829,382986,839422.9393,1
1764105300000,2.2003,2.2087,2.1959,2.1961,5120,512012,1128218.7358,1
1764104400000,2.1952,2.2057,2.1931,2.1996,4126,412653,907679.2665,1
1764103500000,2.1955,2.2141,2.1923,2.1965,6951,695122,1532872.6783,1
1764102600000,2.1852,2.1959,2.1852,2.195,11766,1176615,2577036.6153,1
1764101700000,2.1738,2.1868,2.1731,2.185,3830,383077,834688.5455,1
1764100800000,2.1716,2.1769,2.1643,2.1735,4494,449408,975722.6905,1
1764099900000,2.163,2.1724,2.1594,2.1715,3562,356295,772008.8282,1
1764099000000,2.1507,2.165,2.1474,2.1634,7382,738225,1591984.2806,1
1764098100000,2.1682,2.1682,2.1471,2.1512,13198,1319899,2843985.3715,1
1764097200000,2.1818,2.1851,2.1618,2.1682,8484,848434,1840826.1316,1
1764096300000,2.191,2.1927,2.1776,2.182,2483,248367,542979.9444,1
1764095400000,2.1949,2.2006,2.189,2.1906,2458,245853,539291.5812,1
1764094500000,2.1972,2.2031,2.191,2.195,3748,374888,823810.6727,1
1764093600000,2.1863,2.1987,2.1857,2.1965,3884,388462,852240.3754,1
1764092700000,2.201,2.2028,2.1874,2.1881,4095,409540,899769.2235,1
1764091800000,2.1878,2.2074,2.1853,2.2011,4534,453440,998441.449,1
1764090900000,2.1974,2.1974,2.1851,2.1881,4276,427649,937283.0315,1
1764090000000,2.1924,2.1985,2.1792,2.1973,6008,600871,1316287.8932,1
1764089100000,2.1993,2.1993,2.1909,2.1925,4248,424873,932137.9873,1
1764088200000,2.2058,2.2091,2.1966,2.1989,7846,784662,1728983.0101,1
1764087300000,2.1807,2.2057,2.1784,2.2057,4712,471214,1035714.2299,1
1764086400000,2.1864,2.1919,2.1764,2.1809,6594,659408,1440638.1488,1
1764085500000,2.192,2.1963,2.1821,2.1866,13264,1326439,2902073.7679,1
1764084600000,2.1757,2.1918,2.1757,2.1918,13411,1341125,2928461.9432,1
1764083700000,2.1686,2.1759,2.1578,2.1751,5870,587066,1271929.8884,1
1764082800000,2.1777,2.1836,2.1602,2.1681,8344,834441,1811660.7041,1
1764081900000,2.19,2.19,2.1691,2.178,8280,828000,1803261.0025,1
1764081000000,2.2096,2.2158,2.1876,2.1906,7129,712921,1570937.0984,1
1764080100000,2.2018,2.2125,2.2004,2.2108,3663,366377,808627.4214,1
1764079200000,2.2123,2.2163,2.1978,2.2022,7052,705241,1556700.245,1
1764078300000,2.2091,2.2168,2.2057,2.2121,3008,300828,665187.8625,1
1764077400000,2.2237,2.2334,2.205,2.2087,7917,791736,1755547.8938,1
1764076500000,2.2238,2.2292,2.221,2.2238,5809,580956,1292478.2809,1
1764075600000,2.2172,2.2239,2.2132,2.2237,4245,424535,941293.7553,1
1764074700000,2.2096,2.2184,2.207,2.218,4771,477113,1056445.6861,1
1764073800000,2.2079,2.2135,2.2005,2.2098,1949,194908,430022.5731,1
1764072900000,2.2134,2.2138,2.2011,2.208,5049,504931,1113620.5934,1
1764072000000,2.196,2.2148,2.1934,2.2135,7503,750379,1653083.616,1
1764071100000,2.198,2.1998,2.1921,2.1948,4260,426047,935679.9395,1
1764070200000,2.1979,2.2025,2.1953,2.1984,4005,400518,880729.2379,1
1764069300000,2.2027,2.2045,2.1947,2.1983,1194,119440,262660.4608,1
1764068400000,2.2066,2.2083,2.1968,2.2027,2274,227495,500995.1454,1
1764067500000,2.2027,2.2092,2.199,2.2069,1565,156516,345168.6798,1
1764066600000,2.1983,2.2053,2.196,2.2024,2033,203344,447450.076,1
1764065700000,2.1949,2.2005,2.1888,2.1988,3046,304636,669402.6395,1
1764064800000,2.1989,2.1999,2.1908,2.1947,1672,167200,367024.6771,1
1764063900000,2.2043,2.2043,2.1923,2.199,2729,272981,600105.804,1
1764063000000,2.1859,2.2066,2.1854,2.2048,3346,334640,735120.2682,1
1764062100000,2.1903,2.1931,2.1846,2.1862,2790,279000,610385.4322,1
1764061200000,2.1894,2.1946,2.1856,2.1903,8179,817948,1792577.145,1
1764060300000,2.2006,2.2026,2.1864,2.1888,8417,841747,1845026.1382,1
1764059400000,2.212,2.2136,2.1976,2.201,4410,441003,971508.0148,1
1764058500000,2.2078,2.217,2.2052,2.2128,3743,374390,827994.2678,1
1764057600000,2.2149,2.2193,2.206,2.2066,5494,549499,1216009.9477,1
1764056700000,2.2351,2.2358,2.2145,2.215,6527,652717,1450845.2112,1
1764055800000,2.2308,2.2374,2.2295,2.2354,2225,222535,497061.5237,1
1764054900000,2.2379,2.2402,2.2272,2.2308,2421,242187,540745.065,1
1764054000000,2.236,2.2416,2.2286,2.2392,5043,504324,1126371.5589,1
1764053100000,2.234,2.2369,2.231,2.2361,4340,434076,969990.4407,1
1764052200000,2.2388,2.2439,2.2339,2.2355,5036,503659,1127470.145,1
1764051300000,2.247,2.2503,2.2388,2.2388,4181,418192,937880.7383,1
1764050400000,2.2495,2.2519,2.2453,2.248,1425,142522,320544.129,1
1764049500000,2.2525,2.2574,2.2484,2.2495,2041,204157,459991.7737,1
1764048600000,2.2408,2.2542,2.2408,2.2513,1652,165250,371780.0067,1
1764047700000,2.2425,2.2485,2.2384,2.2406,1922,192243,431418.659,1
1764046800000,2.2455,2.2491,2.2387,2.2423,1166,116623,261547.0359,1
1764045900000,2.236,2.249,2.236,2.245,3319,331900,745466.7923,1
1764045000000,2.2364,2.2425,2.2356,2.2363,4717,471745,1055548.2214,1
1764044100000,2.2475,2.2477,2.2327,2.2364,5851,585133,1310234.2569,1
1764043200000,2.2415,2.2486,2.2364,2.248,6822,682294,1528678.7564,1
1764042300000,2.2401,2.2434,2.2341,2.2422,1904,190458,426538.5338,1
1764041400000,2.2529,2.2529,2.2371,2.2401,2752,275266,617770.5916,1
1764040500000,2.2475,2.2537,2.2441,2.2529,1759,175997,395928.0024,1
1764039600000,2.2495,2.2594,2.2466,2.2475,2809,280980,632925.0681,1
1764038700000,2.2422,2.2519,2.2404,2.2505,5663,566309,1271041.3353,1
1764037800000,2.2391,2.2452,2.2315,2.242,9067,906750,2029209.4236,1
1764036900000,2.2447,2.2492,2.2359,2.2391,3415,341579,765789.9866,1
1764036000000,2.2476,2.254,2.2411,2.2446,3928,392844,883240.722,1
1764035100000,2.2556,2.259,2.2447,2.2472,3519,351971,792771.3677,1
1764034200000,2.245,2.2616,2.244,2.256,4922,492267,1110552.7878,1
1764033300000,2.2557,2.2571,2.2444,2.2457,2527,252778,568992.2608,1
1764032400000,2.2589,2.2598,2.2464,2.2552,4081,408157,919217.9592,1
1764031500000,2.2488,2.264,2.2451,2.2588,4774,477443,1076632.4915,1
1764030600000,2.2359,2.2528,2.2307,2.2488,5240,524078,1176296.4298,1
1764029700000,2.2377,2.246,2.2326,2.2359,4596,459616,1028486.3567,1
1764028800000,2.2268,2.2477,2.2246,2.2377,5086,508616,1138150.1666,1
1764027900000,2.2303,2.2303,2.2201,2.2267,3136,313630,697574.9865,1
1764027000000,2.2343,2.2343,2.2255,2.2302,4279,427957,953548.7293,1
1764026100000,2.239,2.2406,2.2327,2.2347,1916,191643,428583.4498,1
1764025200000,2.2393,2.2475,2.2352,2.239,2858,285875,640816.3756,1
1764024300000,2.2368,2.2411,2.2328,2.2405,3319,331988,742666.1616,1
1764023400000,2.2513,2.2561,2.2344,2.2367,7552,755257,1694447.858,1
1764022500000,2.2534,2.2545,2.2439,2.2512,5989,598937,1346727.3801,1
1764021600000,2.2406,2.2576,2.2406,2.2529,7473,747307,1682938.2755,1
1764020700000,2.2358,2.2455,2.2339,2.241,2640,264047,591369.2889,1
1764019800000,2.2477,2.248,2.2328,2.2358,3297,329725,738646.8724,1
1764018900000,2.2429,2.2566,2.2349,2.2473,8147,814777,1830881.946,1
1764018000000,2.2419,2.2466,2.2314,2.2429,14150,1415065,3167779.6785,1
1764017100000,2.2671,2.2742,2.2414,2.2422,12669,1266929,2861318.0177,1
1764016200000,2.2736,2.2849,2.2581,2.2674,11091,1109159,2517940.3725,1
1764015300000,2.2559,2.2805,2.2538,2.2732,19204,1920449,4352086.5921,1
1764014400000,2.2341,2.267,2.2295,2.2569,15601,1560102,3505991.9132,1
1764013500000,2.2322,2.2371,2.2232,2.2338,9349,934926,2084618.6425,1
1764012600000,2.2186,2.2365,2.2184,2.2327,8615,861563,1921247.1038,1
1764011700000,2.2227,2.2256,2.2161,2.2187,3358,335889,745622.616,1
1764010800000,2.2173,2.2254,2.2123,2.2221,5051,505131,1121207.035,1
1764009900000,2.2084,2.2237,2.2041,2.2174,6059,605983,1342883.6601,1
1764009000000,2.2027,2.2281,2.2003,2.2087,13583,1358388,3009319.5194,1
1764008100000,2.1955,2.2087,2.1927,2.2021,6970,697091,1535180.2212,1
1764007200000,2.205,2.2125,2.1845,2.1953,22014,2201482,4833934.1643,1
1764006300000,2.1905,2.2093,2.182,2.2051,12972,1297201,2850462.7464,1
1764005400000,2.1666,2.1959,2.1594,2.191,21170,2117011,4613763.371,1
1764004500000,2.1356,2.1694,2.1337,2.1665,27404,2740423,5902848.1364,1
1764003600000,2.1184,2.1368,2.1179,2.1364,9069,906919,1931802.7926,1
1764002700000,2.1143,2.1207,2.1109,2.1171,4334,433440,917055.4021,1
1764001800000,2.1032,2.1156,2.1014,2.1145,5010,501041,1056899.863,1
1764000900000,2.0942,2.1092,2.0941,2.1034,4557,455770,958549.0233,1
1764000000000,2.0893,2.1063,2.0861,2.093,7620,762098,1598213.2607,1
1763999100000,2.0888,2.0965,2.084,2.0893,5576,557688,1166117.7699,1
1763998200000,2.0703,2.0907,2.0676,2.0884,7726,772601,1610540.3158,1
1763997300000,2.0807,2.084,2.0664,2.0711,4453,445379,924215.2397,1
1763996400000,2.0745,2.0839,2.0686,2.0803,8430,843069,1751236.0735,1
1763995500000,2.0599,2.0729,2.0481,2.0729,11439,1143989,2360171.7112,1
1763994600000,2.0703,2.1021,2.0586,2.0618,10061,1006136,2093197.8172,1
1763993700000,2.081,2.0815,2.0699,2.0701,3850,385060,799374.0119,1
1763992800000,2.0816,2.0867,2.0777,2.0813,3300,330018,686888.8172,1
1763991900000,2.0978,2.098,2.0799,2.0828,4147,414788,866333.267,1
1763991000000,2.0822,2.0984,2.08,2.0975,2764,276440,576842.4934,1
1763990100000,2.0878,2.0926,2.0789,2.0827,2671,267179,557119.3618,1
1763989200000,2.0635,2.101,2.0621,2.0876,7313,731399,1527087.5524,1
1763988300000,2.0578,2.0653,2.0546,2.0646,2470,247055,508784.7081,1
1763987400000,2.0603,2.0687,2.0552,2.0576,3748,374811,772095.1065,1
1763986500000,2.0499,2.0611,2.0483,2.0588,1476,147672,303404.7979,1
1763985600000,2.0573,2.0573,2.0469,2.0492,1329,132959,272864.7869,1
1763984700000,2.0604,2.0617,2.056,2.0573,1531,153151,315318.338,1
1763983800000,2.0539,2.0622,2.0509,2.0603,1768,176839,363685.3319,1
1763982900000,2.0584,2.0593,2.0511,2.0526,1440,144056,296015.9437,1
1763982000000,2.0591,2.0634,2.0504,2.0586,4532,453253,931841.301,1
1763981100000,2.0565,2.065,2.056,2.0588,2030,203056,418406.2429,1
1763980200000,2.0543,2.0628,2.0481,2.0567,4479,447948,920514.7787,1
1763979300000,2.0489,2.0588,2.0486,2.0543,2232,223284,458680.0628,1
1763978400000,2.043,2.0585,2.0422,2.0484,4296,429618,880362.71,1
1763977500000,2.0415,2.045,2.0391,2.0422,1903,190354,388824.2305,1
1763976600000,2.0422,2.0558,2.0393,2.0416,3337,333797,683292.5147,1
1763975700000,2.0662,2.0665,2.0374,2.042,4744,474418,971092.1841,1
1763974800000,2.0726,2.0773,2.0613,2.0659,4374,437492,904938.139,1
1763973900000,2.0658,2.0756,2.0605,2.0722,1799,179986,372169.279,1
1763973000000,2.0624,2.0677,2.0591,2.0652,1717,171708,354253.5448,1
1763972100000,2.065,2.0686,2.0591,2.0624,2407,240779,496866.4969,1
1763971200000,2.0618,2.067,2.0535,2.0652,3475,347581,715648.1526,1
1763970300000,2.0729,2.0742,2.06,2.0621,1854,185435,383375.4783,1
1763969400000,2.06,2.0745,2.0584,2.0728,6159,615917,1271224.6781,1
1763968500000,2.0608,2.066,2.0569,2.0593,1791,179119,369100.0302,1
1763967600000,2.0695,2.0695,2.0591,2.0603,2609,260987,538426.0616,1
1763966700000,2.0673,2.0726,2.0623,2.0707,3505,350503,725007.1052,1
1763965800000,2.0701,2.0737,2.0635,2.0683,2166,216671,448158.9299,1
1763964900000,2.0693,2.0741,2.0638,2.071,6721,672113,1390345.5691,1
1763964000000,2.0916,2.0916,2.0671,2.0685,3989,398958,827755.3725,1
1763963100000,2.0896,2.0921,2.0833,2.0898,3150,315052,657724.8132,1
1763962200000,2.0977,2.0989,2.0856,2.0886,2790,279008,583320.397,1
1763961300000,2.0908,2.1019,2.0851,2.0982,4022,402254,842858.7208,1
1763960400000,2.0563,2.0944,2.055,2.0906,5234,523425,1087155.9391,1
1763959500000,2.055,2.0588,2.0495,2.0572,1653,165392,339853.5621,1
1763958600000,2.0508,2.0571,2.0484,2.0543,7721,772124,1585942.365,1
1763957700000,2.0747,2.0747,2.0442,2.0513,5195,519510,1067196.7236,1
1763956800000,2.0855,2.0869,2.0749,2.0749,4259,425937,886569.816,1
1763955900000,2.0823,2.0864,2.076,2.0858,2149,214908,447261.0161,1
1763955000000,2.0898,2.0919,2.0804,2.0819,2147,214758,447877.8003,1
1763954100000,2.0795,2.0973,2.0753,2.09,2854,285417,595930.6781,1
1763953200000,2.0914,2.094,2.0755,2.0792,2362,236221,491917.346,1
1763952300000,2.088,2.0937,2.0793,2.0913,3548,354851,740145.5546,1
1763951400000,2.0933,2.0997,2.0814,2.0873,7336,733651,1534187.1952,1
1763950500000,2.0887,2.1068,2.0818,2.0925,12661,1266147,2651255.0838,1
1763949600000,2.0568,2.0932,2.0554,2.0891,14285,1428556,2969695.7798,1
1763948700000,2.0337,2.0637,2.0302,2.056,4898,489891,1003788.907,1
1763947800000,2.0443,2.0454,2.0325,2.0343,3693,369396,752660.4623,1
1763946900000,2.0422,2.0484,2.0356,2.0455,3129,312992,639162.839,1
1763946000000,2.0456,2.0506,2.0386,2.042,6170,617049,1261537.3401,1
1763945100000,2.0541,2.061,2.0419,2.0456,6615,661501,1355960.3922,1
1763944200000,2.048,2.0664,2.0419,2.0542,9127,912744,1874929.6113,1
1763943300000,2.03,2.0481,2.0222,2.0481,5170,517003,1051254.3552,1
1763942400000,2.0482,2.0482,2.0278,2.0304,6088,608824,1239242.7288,1
1763941500000,2.0471,2.0497,2.0412,2.0481,2761,276119,564843.1694,1
1763940600000,2.0537,2.0549,2.0438,2.0475,5346,534628,1095088.3081,1
1763939700000,2.0509,2.0565,2.0436,2.0541,13319,1331957,2731161.5397,1
1763938800000,2.074,2.0762,2.0502,2.051,6463,646329,1329989.0073,1
1763937900000,2.0708,2.0777,2.0704,2.074,1661,166137,344429.9236,1
1763937000000,2.071,2.0737,2.0658,2.0714,2722,272272,563565.7377,1
1763936100000,2.067,2.0726,2.058,2.0713,2413,241368,498563.7898,1
1763935200000,2.0769,2.0814,2.0626,2.0658,10691,1069125,2216873.2309,1
1763934300000,2.0697,2.0804,2.0688,2.0775,3208,320816,665922.8727,1
1763933400000,2.0716,2.075,2.0661,2.0698,2499,249932,517302.823,1
1763932500000,2.0581,2.0723,2.0567,2.0716,3292,329234,679619.3763,1
1763931600000,2.0661,2.0668,2.0539,2.0577,3375,337574,695325.8158,1
1763930700000,2.0659,2.0716,2.0659,2.0661,1895,189508,392025.6128,1
1763929800000,2.0697,2.0729,2.0643,2.0659,3946,394699,816619.1277,1
1763928900000,2.0762,2.0833,2.0684,2.0697,7821,782101,1624662.0611,1
1763928000000,2.0737,2.0766,2.0661,2.0759,3739,373900,774874.9816,1
1763927100000,2.0739,2.078,2.071,2.0729,6849,684906,1421670.2353,1
1763926200000,2.0707,2.0772,2.0705,2.0741,3768,376802,781714.1562,1
1763925300000,2.064,2.0764,2.0611,2.0703,4918,491829,1018709.1044,1
1763924400000,2.0609,2.0655,2.0563,2.064,2489,248996,513087.6623,1
1763923500000,2.0697,2.0701,2.0575,2.0608,2948,294829,608550.247,1
1763922600000,2.0625,2.0736,2.0611,2.0694,13142,1314235,2716063.9391,1
1763921700000,2.0524,2.0648,2.0517,2.0625,12540,1254030,2581808.2499,1
1763920800000,2.0446,2.0523,2.0443,2.0523,1723,172348,353154.0286,1
1763919900000,2.0523,2.0525,2.0391,2.0445,7658,765832,1563109.2686,1
1763919000000,2.0517,2.0542,2.0452,2.0534,8993,899317,1844984.4823,1
1763918100000,2.0476,2.0531,2.0403,2.052,16127,1612721,3294326.6542,1
1763917200000,2.0526,2.0563,2.0451,2.048,26698,2669867,5475703.5381,1
1763916300000,2.0739,2.077,2.0508,2.0518,13184,1318424,2723947.1237,1
1763915400000,2.0671,2.0799,2.0638,2.0736,15143,1514319,3142727.9092,1
1763914500000,2.0666,2.0712,2.0613,2.067,18722,1872213,3868185.7417,1
1763913600000,2.0615,2.0732,2.0614,2.0661,11024,1102459,2277120.4437,1
1763912700000,2.0615,2.0659,2.0558,2.0617,4570,457037,941737.1293,1
1763911800000,2.0525,2.0649,2.0491,2.0618,7186,718625,1479894.2808,1
1763910900000,2.0463,2.0556,2.0437,2.0525,4172,417269,855608.5516,1
1763910000000,2.039,2.0492,2.0344,2.046,3029,302929,618639.796,1
1763909100000,2.0465,2.0505,2.0364,2.0378,3967,396760,810185.1291,1
1763908200000,2.0531,2.0602,2.0461,2.047,3483,348319,714530.7347,1
1763907300000,2.046,2.0555,2.0446,2.0532,3062,306234,627748.8485,1
1763906400000,2.0476,2.0621,2.0454,2.0468,9150,915048,1881893.2518,1
1763905500000,2.0395,2.0492,2.0367,2.0478,2588,258802,529051.028,1
1763904600000,2.0357,2.0411,2.0316,2.0397,2020,202064,411514.3276,1
1763903700000,2.0361,2.039,2.031,2.0356,2044,204499,416097.9816,1
1763902800000,2.0411,2.0469,2.0331,2.036,2394,239494,488670.0599,1
1763901900000,2.0405,2.0434,2.0362,2.0406,2850,285010,581473.5404,1
1763901000000,2.0436,2.0483,2.035,2.0402,2157,215799,440728.0801,1
1763900100000,2.0419,2.0487,2.0384,2.0437,3480,348095,711716.0074,1
1763899200000,2.0302,2.0432,2.0289,2.042,1947,194751,396572.4887,1
1763898300000,2.0313,2.0335,2.025,2.0303,2747,274710,557719.8848,1
1763897400000,2.0269,2.033,2.0265,2.0313,2070,207021,420280.6171,1
1763896500000,2.0272,2.0318,2.021,2.027,2161,216127,438059.6308,1
1763895600000,2.034,2.034,2.0226,2.0262,2350,235085,476759.8077,1
1763894700000,2.0375,2.0408,2.0326,2.034,1870,187021,380844.3532,1
1763893800000,2.0341,2.0385,2.0307,2.0375,1762,176239,358469.3645,1
1763892900000,2.0398,2.0401,2.0327,2.0345,2185,218572,445130.3084,1
1763892000000,2.0454,2.047,2.0393,2.0396,1660,166099,339241.9374,1
1763891100000,2.0513,2.0514,2.0435,2.0447,9351,935177,1912487.1303,1
1763890200000,2.0418,2.0514,2.0418,2.051,2271,227136,464846.2543,1
1763889300000,2.0441,2.0488,2.0367,2.0418,1750,175078,357442.064,1
1763888400000,2.0368,2.0461,2.0346,2.0445,2129,212998,434477.9408,1
1763887500000,2.027,2.0378,2.0266,2.0368,2653,265393,539822.9453,1
1763886600000,2.0309,2.0351,2.0255,2.0264,1486,148625,301573.923,1
1763885700000,2.0344,2.038,2.0297,2.0307,2842,284240,578066.8857,1
1763884800000,2.0263,2.0388,2.0258,2.0351,2169,216930,441042.0253,1
1763883900000,2.0255,2.0265,2.0188,2.0262,1177,117729,238197.0671,1
1763883000000,2.0189,2.0289,2.0161,2.0258,3857,385755,780068.2589,1
1763882100000,2.0369,2.0377,2.0152,2.0188,4214,421466,852782.2053,1
1763881200000,2.0352,2.0393,2.0267,2.0367,3362,336272,683428.4277,1
1763880300000,2.0402,2.0436,2.0349,2.0352,1835,183523,374311.6189,1
1763879400000,2.0437,2.0447,2.0372,2.0402,2284,228488,466315.21,1
1763878500000,2.0495,2.0497,2.0403,2.043,1668,166817,341033.8628,1
1763877600000,2.0559,2.0576,2.048,2.05,10452,1045242,2148137.4242,1
1763876700000,2.0495,2.0606,2.048,2.0557,2915,291526,598828.0347,1
1763875800000,2.0474,2.0505,2.0377,2.0495,4434,443429,905783.3413,1
1763874900000,2.0559,2.0562,2.0449,2.0474,6790,679070,1392536.878,1
1763874000000,2.0641,2.0641,2.0525,2.0561,4535,453591,933328.3452,1
1763873100000,2.0635,2.0701,2.0608,2.0643,2611,261179,539282.8477,1
1763872200000,2.0561,2.0742,2.0538,2.0635,3826,382676,790343.8402,1
1763871300000,2.0494,2.0729,2.0457,2.0562,14230,1423053,2932837.4436,1
1763870400000,2.0293,2.0509,2.029,2.0495,4479,447935,914291.004,1
1763869500000,2.0296,2.0323,2.0255,2.0292,1818,181857,368959.0122,1
1763868600000,2.0288,2.0335,2.0249,2.0296,2612,261299,530205.436,1
1763867700000,2.0335,2.0365,2.0263,2.0292,2952,295210,599835.8319,1
1763866800000,2.0295,2.0451,2.0208,2.0332,10863,1086320,2206140.74,1
1763865900000,2.0351,2.045,2.0273,2.0297,7738,773829,1574626.2579,1
1763865000000,2.0215,2.0499,2.0194,2.0356,18386,1838604,3745924.3746,1
1763864100000,2.0053,2.0221,2.0042,2.0207,6335,633532,1274436.2495,1
1763863200000,1.998,2.0068,1.9945,2.0059,5840,584098,1169670.1933,1
1763862300000,1.9957,2.0044,1.988,1.998,7408,740894,1478619.2849,1
1763861400000,1.9734,2.0007,1.9714,1.9959,6663,666328,1325673.8613,1
1763860500000,1.9673,1.975,1.9627,1.9732,3775,377535,743184.4843,1
1763859600000,1.9592,1.9696,1.9553,1.9677,3734,373405,732900.9662,1
1763858700000,1.9569,1.962,1.9531,1.9588,2795,279577,546986.4303,1
1763857800000,1.9573,1.9585,1.9491,1.9569,2184,218447,426882.3148,1
1763856900000,1.9539,1.9605,1.9492,1.9575,2083,208313,407148.4434,1
1763856000000,1.95,1.9557,1.9482,1.9549,2164,216487,422688.7492,1
1763855100000,1.9513,1.9529,1.9468,1.9497,1299,129914,253358.0482,1
1763854200000,1.9513,1.9564,1.9474,1.9512,1824,182412,356183.2859,1
1763853300000,1.9513,1.9521,1.9438,1.9505,2755,275599,536621.1233,1
1763852400000,1.9566,1.9607,1.9468,1.9515,3090,309096,603468.5562,1
1763851500000,1.9457,1.9666,1.9455,1.9571,4393,439367,859770.7515,1
1763850600000,1.9399,1.9493,1.9386,1.9456,2054,205444,399443.9935,1
1763849700000,1.9398,1.9458,1.9368,1.9405,2312,231242,448829.7275,1
1763848800000,1.9355,1.9396,1.9282,1.9394,1738,173837,336237.9589,1
1763847900000,1.929,1.9362,1.929,1.9352,1826,182607,353020.5911,1
1763847000000,1.929,1.9302,1.9235,1.9288,1105,110580,213083.865,1
1763846100000,1.9249,1.9319,1.9238,1.929,1360,136056,262474.1252,1
1763845200000,1.9256,1.933,1.9235,1.9246,8568,856886,1652024.0811,1
1763844300000,1.9232,1.9273,1.9182,1.926,17395,1739577,3343472.4431,1
1763843400000,1.9331,1.9335,1.9225,1.9226,6565,656593,1263227.7131,1
1763842500000,1.9322,1.9363,1.9273,1.9342,1454,145412,280936.1482,1
1763841600000,1.9263,1.9329,1.9243,1.9324,1854,185462,357770.0945,1
1763840700000,1.9252,1.934,1.9241,1.9261,2338,233871,451382.895,1
1763839800000,1.9283,1.9309,1.9234,1.9256,1345,134545,259250.2144,1
1763838900000,1.9365,1.9389,1.926,1.9282,2290,229056,442381.9553,1
1763838000000,1.9313,1.9388,1.9291,1.9363,1895,189520,366514.7361,1
1763837100000,1.9248,1.9313,1.9234,1.9311,4265,426592,822562.7286,1
1763836200000,1.9269,1.9271,1.9207,1.9253,1614,161434,310630.385,1
1763835300000,1.9251,1.9272,1.9225,1.9272,1050,105035,202170.4832,1
1763834400000,1.9297,1.9324,1.9252,1.9254,1905,190525,367378.2473,1
1763833500000,1.9301,1.9309,1.9256,1.9298,2707,270779,522240.5304,1
1763832600000,1.9384,1.9394,1.9286,1.9301,3431,343126,663001.1926,1
1763831700000,1.9374,1.9407,1.9307,1.9384,1992,199275,385774.7008,1
1763830800000,1.9425,1.9442,1.9322,1.9373,2535,253583,491398.0235,1
1763829900000,1.946,1.9507,1.9415,1.9433,1834,183427,356908.2117,1
1763829000000,1.9425,1.9458,1.9381,1.9456,2200,220025,427324.6886,1
1763828100000,1.9435,1.9471,1.9389,1.943,6203,620316,1204214.2172,1
1763827200000,1.9275,1.949,1.9261,1.9433,3234,323440,627045.579,1
1763826300000,1.9235,1.9306,1.9201,1.9285,2355,235553,453451.7255,1
1763825400000,1.933,1.9367,1.9222,1.9243,3144,314419,606766.5541,1
1763824500000,1.9222,1.9384,1.922,1.9335,2528,252819,487801.0721,1
1763823600000,1.9274,1.932,1.9209,1.9225,2456,245698,472966.0824,1
1763822700000,1.9166,1.9287,1.9111,1.9281,2634,263478,506283.8587,1
1763821800000,1.9188,1.9269,1.9155,1.9167,2475,247524,475231.3336,1
1763820900000,1.9149,1.9292,1.9142,1.9194,4040,404079,775514.8346,1
1763820000000,1.8963,1.9149,1.8952,1.9149,4044,404484,771484.6662,1
1763819100000,1.8972,1.9027,1.8913,1.8955,3155,315522,598190.2358,1
1763818200000,1.8954,1.8974,1.8869,1.8967,2600,260086,492149.8446,1
1763817300000,1.9033,1.9042,1.8928,1.8955,2165,216575,411332.2107,1
1763816400000,1.9027,1.9107,1.8912,1.9034,2893,289324,549856.5054,1
1763815500000,1.8968,1.905,1.8924,1.9024,2158,215813,409931.2604,1
1763814600000,1.9061,1.9085,1.8942,1.8968,2129,212919,404943.6483,1
1763813700000,1.9037,1.9079,1.9018,1.9061,1879,187968,358155.9685,1
1763812800000,1.9156,1.9158,1.8995,1.9028,1645,164544,313797.2027,1
1763811900000,1.9191,1.9226,1.9157,1.9157,2570,257028,492886.2776,1
1763811000000,1.9192,1.9251,1.9157,1.9197,2396,239694,460391.2264,1
1763810100000,1.9139,1.9243,1.9044,1.9196,2624,262449,502205.2308,1
1763809200000,1.9006,1.9144,1.8927,1.9144,2452,245258,467187.7477,1
1763808300000,1.9066,1.9086,1.8967,1.9003,2141,214130,407191.3529,1
1763807400000,1.9012,1.9056,1.8995,1.9055,1822,182205,346510.0991,1
1763806500000,1.9164,1.9164,1.8976,1.9011,3008,300895,572990.907,1
1763805600000,1.9118,1.9211,1.9115,1.9169,3164,316450,606315.2793,1
1763804700000,1.9185,1.9235,1.91,1.9117,2463,246326,471910.5272,1
1763803800000,1.9088,1.9256,1.9058,1.9192,3145,314532,603337.609,1
1763802900000,1.9204,1.9206,1.9007,1.9087,2176,217629,415590.4441,1
1763802000000,1.9142,1.9229,1.912,1.921,3237,323749,620520.8536,1
1763801100000,1.9126,1.9163,1.9068,1.9139,2294,229420,438767.0121,1
1763800200000,1.9197,1.9215,1.9063,1.9123,4217,421704,806439.4025,1
1763799300000,1.9402,1.9404,1.917,1.9204,3694,369481,711082.6173,1
1763798400000,1.9522,1.9522,1.9399,1.9411,1863,186331,362431.1159,1
1763797500000,1.949,1.9536,1.9467,1.9522,2149,214948,419291.6124,1
1763796600000,1.9483,1.9529,1.9423,1.9504,1999,199957,389704.3305,1
1763795700000,1.9498,1.9568,1.9441,1.9489,2893,289395,564902.8135,1
1763794800000,1.9537,1.9561,1.948,1.949,2916,291630,569014.9387,1
1763793900000,1.9473,1.9563,1.9448,1.9534,2635,263507,514215.7955,1
1763793000000,1.9442,1.9528,1.9429,1.9475,5899,589958,1148798.7302,1
1763792100000,1.9325,1.9487,1.9284,1.9435,3365,336582,652551.197,1
1763791200000,1.9301,1.9355,1.9201,1.9321,3199,319963,616967.3362,1
1763790300000,1.9183,1.9338,1.916,1.9296,12618,1261895,2430431.5137,1
1763789400000,1.9252,1.9262,1.9128,1.9177,2888,288816,554027.7033,1
1763788500000,1.9303,1.9303,1.9168,1.9257,2378,237862,457200.4951,1
1763787600000,1.9358,1.9398,1.9254,1.9306,3716,371614,718391.7805,1
1763786700000,1.9178,1.94,1.915,1.9356,4105,410558,792090.4743,1
1763785800000,1.9271,1.9321,1.9139,1.9185,4043,404326,776552.0573,1
1763784900000,1.9293,1.9337,1.9202,1.927,3751,375184,722897.7142,1
1763784000000,1.9475,1.9497,1.9252,1.9292,3678,367813,712044.0579,1
1763783100000,1.9514,1.9529,1.942,1.9475,1505,150596,293352.3882,1
1763782200000,1.9514,1.9542,1.9428,1.9515,1719,171946,335141.5461,1
1763781300000,1.9565,1.9577,1.9451,1.9516,11793,1179384,2297429.066,1
1763780400000,1.9501,1.9584,1.9474,1.9565,4337,433704,846133.1776,1
1763779500000,1.9421,1.9515,1.9369,1.9499,4230,423092,822247.9074,1
1763778600000,1.951,1.952,1.9392,1.941,1883,188346,365947.5173,1
1763777700000,1.9529,1.9577,1.9471,1.9503,1917,191722,374308.7456,1
1763776800000,1.9609,1.9628,1.9487,1.9527,2267,226770,443312.484,1
1763775900000,1.9473,1.9608,1.9464,1.9608,2641,264143,516808.0339,1
1763775000000,1.9477,1.96,1.9461,1.9482,3258,325808,636715.5732,1
1763774100000,1.9441,1.9524,1.9419,1.9482,2177,217708,424004.2122,1
1763773200000,1.9427,1.9532,1.9373,1.9425,2460,246028,478402.3177,1
1763772300000,1.9494,1.9509,1.9382,1.9422,7771,777182,1509098.9397,1
1763771400000,1.9329,1.9521,1.9329,1.9489,4772,477207,928774.8709,1
1763770500000,1.9535,1.9553,1.9301,1.9318,3372,337240,655794.6628,1
1763769600000,1.9501,1.9569,1.944,1.9536,9413,941331,1833635.385,1
1763768700000,1.95,1.9535,1.9472,1.9497,3953,395372,771360.4165,1