instId,baseCurrency,quoteCurrency,contractValue,listTime,expireTime,maxLeverage,minSize,lotSize,tickSize,instType,contractType,maxLimitSize,maxMarketSize,state,thresholdX,thresholdY,thresholdZ,settleCurrency
BTC-USDC,BTC,USDC,0.0001,1755507600000,4878180000000,125,1,1,0.1,SWAP,linear,8000000,250000,live,0.04,0.1,0.15,USDC
BTC-USD,BTC,USD,1,1750485600000,4878180000000,100,1,1,0.1,SWAP,inverse,20000000,3000000,live,0.02,0.005,0.01,BTC
BTC-USDT,BTC,USDT,0.001,1673517600000,4918462709025,150,0.1,0.1,0.1,SWAP,linear,1000000,100000,live,0.02,0.01,0.02,USDT
ETH-USDC,ETH,USDC,0.001,1755507600000,4878180000000,125,1,1,0.01,SWAP,linear,8000000,400000,live,0.04,0.1,0.15,USDC
ETH-USD,ETH,USD,1,1750485600000,4878180000000,100,1,1,0.01,SWAP,inverse,20000000,3000000,live,0.02,0.01,0.02,ETH
DOGE-USDC,DOGE,USDC,1,1755507600000,4878180000000,75,1,1,0.00001,SWAP,linear,50000000,5000000,live,0.04,0.1,0.15,USDC
XRP-USD,XRP,USD,1,1750759200000,4878180000000,50,1,1,0.0001,SWAP,inverse,20000000,400000,live,0.02,0.015,0.15,XRP
SOL-USDC,SOL,USDC,0.01,1755507600000,4878180000000,100,1,1,0.01,SWAP,linear,80000000,600000,live,0.04,0.1,0.15,USDC
SUI-USD,SUI,USD,1,1750759200000,4878180000000,20,1,1,0.0001,SWAP,inverse,20000000,100000,live,0.04,0.015,0.15,SUI
XRP-USDC,XRP,USDC,0.1,1755507600000,4878180000000,75,1,1,0.0001,SWAP,linear,80000000,4000000,live,0.04,0.1,0.15,USDC
SOL-USD,SOL,USD,1,1751018400000,4878180000000,50,1,1,0.01,SWAP,inverse,20000000,120000,live,0.02,0.01,0.02,SOL
BNB-USDC,BNB,USDC,0.01,1755507600000,4878180000000,75,1,1,0.01,SWAP,linear,8000000,40000,live,0.04,0.1,0.15,USDC
DOGE-USD,DOGE,USD,1,1751018400000,4878180000000,50,1,1,0.00001,SWAP,inverse,20000000,300000,live,0.04,0.015,0.15,DOGE
SUI-USDC,SUI,USDC,0.1,1755507600000,4878180000000,50,1,1,0.0001,SWAP,linear,100000000,600000,live,0.04,0.1,0.15,USDC
ADA-USD,ADA,USD,1,1751018400000,4878180000000,20,1,1,0.0001,SWAP,inverse,20000000,100000,live,0.04,0.01,0.02,ADA
ENA-USDC,ENA,USDC,1,1755507600000,4878180000000,50,1,1,0.0001,SWAP,linear,1000000,200000,live,0.04,0.1,0.15,USDC
LINK-USD,LINK,USD,1,1751018400000,4878180000000,50,1,1,0.001,SWAP,inverse,20000000,70000,live,0.02,0.01,0.02,LINK
LINK-USDC,LINK,USDC,0.01,1755507600000,4878180000000,75,1,1,0.001,SWAP,linear,10000000,400000,live,0.04,0.1,0.15,USDC
UNI-USD,UNI,USD,1,1751018400000,4878180000000,20,1,1,0.001,SWAP,inverse,20000000,100000,live,0.04,0.02,0.15,UNI
ADA-USDC,ADA,USDC,1,1755507600000,4878180000000,25,1,1,0.0001,SWAP,linear,1000000,100000,live,0.04,0.1,0.15,USDC
ETH-USDT,ETH,USDT,0.01,1673517600000,4918462716651,150,0.1,0.1,0.01,SWAP,linear,600000,200000,live,0.02,0.02,0.05,USDT
CYS-USDT,CYS,USDT,10,1765538100000,4878180000000,20,1,1,0.0001,SWAP,linear,400000,40000,live,0.04,0.15,0.15,USDT
US-USDT,US,USDT,100,1765538100000,4878180000000,40,1,1,0.00001,SWAP,linear,500000,50000,live,0.04,0.15,0.15,USDT
WET-USDT,WET,USDT,10,1765294200000,4878180000000,25,1,1,0.00001,SWAP,linear,78000,15600,live,0.04,0.15,0.15,USDT
NIGHT-USDT,NIGHT,USDT,10,1765285200000,4878180000000,50,1,1,0.00001,SWAP,linear,125000,25000,live,0.04,0.15,0.15,USDT
POWER-USDT,POWER,USDT,10,1765013400000,4878180000000,20,1,1,0.00001,SWAP,linear,600000,60000,live,0.04,0.15,0.15,USDT
RLS-USDT,RLS,USDT,100,1764670500000,4878180000000,20,1,1,0.000001,SWAP,linear,400000,40000,live,0.04,0.1,0.15,USDT
IRYS-USDT,IRYS,USDT,100,1764173700000,4878180000000,20,1,1,0.000001,SWAP,linear,500000,50000,live,0.04,0.1,0.15,USDT
BOB-USDT,BOB,USDT,100,1763722800000,4878180000000,20,1,1,0.000001,SWAP,linear,500000,50000,live,0.04,0.1,0.15,USDT
SENT-USDT,SENT,USDT,10,1763361000000,4878180000000,40,1,1,0.00001,SWAP,linear,2000000,200000,live,0.04,0.1,0.15,USDT
PIEVERSE-USDT,PIEVERSE,USDT,10,1763120700000,4878180000000,40,1,1,0.0001,SWAP,linear,300000,30000,live,0.04,0.1,0.15,USDT
BEAT-USDT,BEAT,USDT,10,1762950600000,4878180000000,40,1,1,0.0001,SWAP,linear,700000,70000,live,0.04,0.1,0.15,USDT
CLANKER-USDT,CLANKER,USDT,0.01,1762949700000,4878180000000,50,1,1,0.01,SWAP,linear,1500000,150000,live,0.04,0.1,0.15,USDT
ALLO-USDT,ALLO,USDT,1,1762870500000,4878180000000,50,1,1,0.0001,SWAP,linear,5000000,500000,live,0.04,0.1,0.15,USDT
JCT-USDT,JCT,USDT,1000,1762771500000,4878180000000,40,1,1,0.000001,SWAP,linear,200000,20000,live,0.04,0.1,0.15,USDT
STABLE-USDT,STABLE,USDT,10,1762432200000,4878180000000,75,1,1,0.00001,SWAP,linear,5000000,500000,live,0.04,0.1,0.15,USDT
UAI-USDT,UAI,USDT,10,1762429500000,4878180000000,50,1,1,0.0001,SWAP,linear,800000,80000,live,0.04,0.1,0.15,USDT
FOLKS-USDT,FOLKS,USDT,1,1762433100000,4878180000000,50,1,1,0.001,SWAP,linear,400000,40000,live,0.04,0.1,0.15,USDT
TRUST-USDT,TRUST,USDT,10,1762335900000,4878180000000,50,1,1,0.0001,SWAP,linear,250000,25000,live,0.04,0.15,0.15,USDT
MMT-USDT,MMT,USDT,1,1762258500000,4878180000000,50,1,1,0.0001,SWAP,linear,3000000,300000,live,0.04,0.1,0.15,USDT
CC-USDT,CC,USDT,10,1761913800000,4878180000000,75,1,1,0.00001,SWAP,linear,1000000,100000,live,0.04,0.1,0.15,USDT
KITE-USDT,KITE,USDT,10,1761737400000,4878180000000,50,1,1,0.00001,SWAP,linear,2000000,200000,live,0.04,0.1,0.15,USDT
AT-USDT,AT,USDT,1,1761738300000,4878180000000,50,1,1,0.0001,SWAP,linear,3000000,300000,live,0.04,0.1,0.15,USDT
COMMON-USDT,COMMON,USDT,10,1761569100000,4878180000000,50,1,1,0.000001,SWAP,linear,3000000,300000,live,0.04,0.1,0.15,USDT
42-USDT,42,USDT,10,1761562800000,4878180000000,10,1,1,0.00001,SWAP,linear,500000,50000,live,0.04,0.1,0.15,USDT
ON-USDT,ON,USDT,10,1761295500000,4878180000000,50,1,1,0.00001,SWAP,linear,300000,30000,live,0.04,0.1,0.15,USDT
APR-USDT,APR,USDT,10,1761216300000,4878180000000,50,1,1,0.00001,SWAP,linear,500000,50000,live,0.04,0.1,0.15,USDT
TURTLE-USDT,TURTLE,USDT,10,1761146100000,4878180000000,50,1,1,0.00001,SWAP,linear,400000,40000,live,0.04,0.1,0.15,USDT
BLUAI-USDT,BLUAI,USDT,10,1761047100000,4878180000000,50,1,1,0.000001,SWAP,linear,600000,600000,live,0.04,0.1,0.15,USDT
RVV-USDT,RVV,USDT,100,1760796000000,4878180000000,40,1,1,0.000001,SWAP,linear,2000000,200000,live,0.04,0.1,0.15,USDT
LAB-USDT,LAB,USDT,10,1760712300000,4878180000000,40,1,1,0.00001,SWAP,linear,400000,40000,live,0.04,0.1,0.15,USDT
ZBT-USDT,ZBT,USDT,1,1760701500000,4878180000000,50,1,1,0.0001,SWAP,linear,1500000,150000,live,0.04,0.1,0.15,USDT
RECALL-USDT,RECALL,USDT,1,1760532300000,4878180000000,40,1,1,0.0001,SWAP,linear,4000000,400000,live,0.04,0.1,0.15,USDT
CLO-USDT,CLO,USDT,10,1760442300000,4878180000000,50,1,1,0.0001,SWAP,linear,700000,70000,live,0.04,0.1,0.15,USDT
ENSO-USDT,ENSO,USDT,0.1,1760433300000,4878180000000,75,1,1,0.0001,SWAP,linear,5000000,500000,live,0.04,0.1,0.15,USDT
EUL-USDT,EUL,USDT,0.1,1760366700000,4878180000000,75,1,1,0.001,SWAP,linear,1000000,100000,live,0.04,0.1,0.15,USDT
YB-USDT,YB,USDT,1,1760338800000,4878180000000,75,1,1,0.0001,SWAP,linear,1000000,100000,live,0.04,0.1,0.15,USDT
MET-USDT,MET,USDT,1,1760191200000,4878180000000,75,1,1,0.0001,SWAP,linear,800000,80000,live,0.04,0.1,0.15,USDT
MON-USDT,MON,USDT,10,1760094000000,4878180000000,75,1,1,0.00001,SWAP,linear,800000,80000,live,0.04,0.1,0.15,USDT
GIGGLE-USDT,GIGGLE,USDT,0.01,1760004000000,4878180000000,50,1,1,0.01,SWAP,linear,1000000,100000,live,0.04,0.1,0.15,USDT
KGEN-USDT,KGEN,USDT,1,1759849200000,4878180000000,50,1,1,0.00001,SWAP,linear,3000000,300000,live,0.04,0.1,0.15,USDT
LYN-USDT,LYN,USDT,1,1759737600000,4878180000000,50,1,1,0.00001,SWAP,linear,2000000,200000,live,0.04,0.1,0.15,USDT
EVAA-USDT,EVAA,USDT,1,1759489200000,4878180000000,10,1,1,0.001,SWAP,linear,300000,30000,live,0.04,0.1,0.15,USDT
TRUTH-USDT,TRUTH,USDT,100,1759323600000,4878180000000,50,1,1,0.000001,SWAP,linear,600000,60000,live,0.04,0.1,0.15,USDT
NOM-USDT,NOM,USDT,10,1759307400000,4878180000000,75,1,1,0.00001,SWAP,linear,2000000,200000,live,0.04,0.1,0.15,USDT
VFY-USDT,VFY,USDT,1,1759234500000,4878180000000,40,1,1,0.00001,SWAP,linear,7000000,700000,live,0.04,0.1,0.15,USDT
EDEN-USDT,EDEN,USDT,1,1759230900000,4878180000000,75,1,1,0.00001,SWAP,linear,1500000,100000,live,0.04,0.1,0.15,USDT
APEX-USDT,APEX,USDT,1,1759055400000,4878180000000,25,1,1,0.0001,SWAP,linear,57000,25000,live,0.04,0.1,0.15,USDT
XAN-USDT,XAN,USDT,10,1759142700000,4878180000000,50,1,1,0.00001,SWAP,linear,700000,70000,live,0.04,0.1,0.15,USDT
AKE-USDT,AKE,USDT,1000,1758890700000,4878180000000,6,1,1,0.0000001,SWAP,linear,900000,90000,live,0.04,0.1,0.15,USDT
FF-USDT,FF,USDT,10,1759153500000,4878180000000,75,1,1,0.00001,SWAP,linear,400000,40000,live,0.04,0.1,0.15,USDT
LIGHT-USDT,LIGHT,USDT,1,1758973500000,4878180000000,50,1,1,0.0001,SWAP,linear,1500000,150000,live,0.04,0.1,0.15,USDT
MIRA-USDT,MIRA,USDT,1,1758888900000,4878180000000,75,1,1,0.0001,SWAP,linear,1000000,700000,live,0.04,0.1,0.15,USDT
FLUID-USDT,FLUID,USDT,0.1,1758709800000,4878180000000,75,1,1,0.001,SWAP,linear,1500000,150000,live,0.04,0.1,0.15,USDT
HANA-USDT,HANA,USDT,1,1758887100000,4878180000000,10,1,1,0.00001,SWAP,linear,5000000,500000,live,0.04,0.1,0.15,USDT
BLESS-USDT,BLESS,USDT,10,1758620700000,4878180000000,40,1,1,0.00001,SWAP,linear,3000000,200000,live,0.04,0.1,0.15,USDT
TRADOOR-USDT,TRADOOR,USDT,1,1758285900000,4878180000000,40,1,1,0.001,SWAP,linear,500000,50000,live,0.04,0.1,0.15,USDT
ASTER-USDT,ASTER,USDT,1,1758284100000,4878180000000,75,1,1,0.0001,SWAP,linear,2000000,200000,live,0.04,0.1,0.15,USDT
BARD-USDT,BARD,USDT,1,1758194100000,4878180000000,75,1,1,0.0001,SWAP,linear,1000000,100000,live,0.04,0.1,0.15,USDT
0G-USDT,0G,USDT,1,1758126600000,4878180000000,75,1,1,0.0001,SWAP,linear,1000000,100000,live,0.04,0.1,0.15,USDT
STBL-USDT,STBL,USDT,10,1758088800000,4878180000000,50,1,1,0.00001,SWAP,linear,700000,70000,live,0.04,0.1,0.15,USDT
TOSHI-USDT,TOSHI,USDT,1000,1758088800000,4878180000000,75,1,1,0.0000001,SWAP,linear,1500000,150000,live,0.04,0.1,0.15,USDT
ZKC-USDT,ZKC,USDT,1,1757945700000,4878180000000,75,1,1,0.0001,SWAP,linear,1500000,300000,live,0.04,0.1,0.15,USDT
XPIN-USDT,XPIN,USDT,1000,1757664900000,4878180000000,50,1,1,0.000001,SWAP,linear,200000,20000,live,0.04,0.1,0.15,USDT
UB-USDT,UB,USDT,100,1757673900000,4878180000000,50,1,1,0.00001,SWAP,linear,2000000,200000,live,0.04,0.1,0.15,USDT
HOLO-USDT,HOLO,USDT,1,1757592900000,4878180000000,75,1,1,0.00001,SWAP,linear,2000000,200000,live,0.04,0.1,0.15,USDT
AVNT-USDT,AVNT,USDT,10,1757430900000,4878180000000,75,1,1,0.0001,SWAP,linear,200000,20000,live,0.04,0.1,0.15,USDT
OPEN-USDT,OPEN,USDT,1,1757337300000,4878180000000,75,1,1,0.0001,SWAP,linear,2000000,200000,live,0.04,0.1,0.15,USDT
TAKE-USDT,TAKE,USDT,10,1756899000000,4878180000000,50,1,1,0.00001,SWAP,linear,1000000,80000,live,0.04,0.1,0.15,USDT
ARIA-USDT,ARIA,USDT,10,1756898100000,4878180000000,50,1,1,0.00001,SWAP,linear,900000,100000,live,0.04,0.1,0.15,USDT
SOMI-USDT,SOMI,USDT,1,1756794600000,4878180000000,75,1,1,0.0001,SWAP,linear,1000000,100000,live,0.04,0.1,0.15,USDT
PTB-USDT,PTB,USDT,10,1756903500000,4878180000000,40,1,1,0.000001,SWAP,linear,4000000,400000,live,0.04,0.1,0.15,USDT
Q-USDT,Q,USDT,100,1756799100000,4878180000000,50,1,1,0.000001,SWAP,linear,2000000,100000,live,0.04,0.1,0.15,USDT
LINEA-USDT,LINEA,USDT,10,1756721700000,4878180000000,75,1,1,0.00001,SWAP,linear,2000000,200000,live,0.04,0.1,0.15,USDT
HEMI-USDT,HEMI,USDT,100,1756442700000,4878180000000,50,1,1,0.00001,SWAP,linear,500000,20000,live,0.04,0.1,0.15,USDT
MITO-USDT,MITO,USDT,10,1756399500000,4878180000000,50,1,1,0.00001,SWAP,linear,1000000,20000,live,0.04,0.1,0.15,USDT
BAS-USDT,BAS,USDT,100,1756215900000,4878180000000,40,1,1,0.000001,SWAP,linear,900000,60000,live,0.04,0.15,0.15,USDT
WLFI-USDT,WLFI,USDT,1,1755941400000,4878180000000,75,1,1,0.0001,SWAP,linear,5000000,300000,live,0.04,0.15,0.15,USDT
XPL-USDT,XPL,USDT,1,1755941400000,4878180000000,75,1,1,0.0001,SWAP,linear,3000000,250000,live,0.04,0.15,0.15,USDT
CUDIS-USDT,CUDIS,USDT,10,1755689400000,4878180000000,50,1,1,0.00001,SWAP,linear,1000000,100000,live,0.04,0.15,0.15,USDT
SAPIEN-USDT,SAPIEN,USDT,10,1755711900000,4878180000000,50,1,1,0.00001,SWAP,linear,500000,50000,live,0.04,0.15,0.15,USDT
DAM-USDT,DAM,USDT,10,1755521100000,4878180000000,6,1,1,0.00001,SWAP,linear,1000000,100000,live,0.04,0.15,0.15,USDT
XNY-USDT,XNY,USDT,100,1755086400000,4878180000000,50,1,1,0.000001,SWAP,linear,600000,60000,live,0.04,0.15,0.15,USDT
AIO-USDT,AIO,USDT,10,1755085500000,4878180000000,50,1,1,0.00001,SWAP,linear,1000000,50000,live,0.04,0.1,0.15,USDT
SKY-USDT,SKY,USDT,10,1754908200000,4878180000000,75,1,1,0.00001,SWAP,linear,5000000,500000,live,0.04,0.15,0.15,USDT
CARV-USDT,CARV,USDT,10,1754586000000,4878180000000,50,1,1,0.0001,SWAP,linear,400000,30000,live,0.04,0.15,0.15,USDT
YALA-USDT,YALA,USDT,10,1754585100000,4878180000000,10,1,1,0.00001,SWAP,linear,500000,20000,live,0.04,0.15,0.15,USDT
IN-USDT,IN,USDT,10,1754563800000,4878180000000,50,1,1,0.00001,SWAP,linear,1000000,50000,live,0.04,0.15,0.15,USDT
PROVE-USDT,PROVE,USDT,1,1754414100000,4878180000000,75,1,1,0.0001,SWAP,linear,1500000,150000,live,0.04,0.1,0.15,USDT
TOWNS-USDT,TOWNS,USDT,10,1754405100000,4878180000000,50,1,1,0.000001,SWAP,linear,1500000,200000,live,0.04,0.1,0.15,USDT
NAORIS-USDT,NAORIS,USDT,10,1753965900000,4878180000000,40,1,1,0.00001,SWAP,linear,1500000,100000,live,0.04,0.1,0.15,USDT
A2Z-USDT,A2Z,USDT,100,1753863300000,4878180000000,50,1,1,0.000001,SWAP,linear,1500000,200000,live,0.04,0.1,0.15,USDT
ESPORTS-USDT,ESPORTS,USDT,10,1753784100000,4878180000000,50,1,1,0.00001,SWAP,linear,600000,50000,live,0.04,0.1,0.15,USDT
ZRC-USDT,ZRC,USDT,10,1753783200000,4878180000000,50,1,1,0.000001,SWAP,linear,2500000,200000,live,0.04,0.1,0.15,USDT
TREE-USDT,TREE,USDT,1,1753798500000,4878180000000,75,1,1,0.0001,SWAP,linear,3000000,100000,live,0.04,0.1,0.15,USDT
TAG-USDT,TAG,USDT,1000,1753443000000,4878180000000,50,1,1,0.0000001,SWAP,linear,1500000,15000,live,0.04,0.1,0.15,USDT
ZORA-USDT,ZORA,USDT,10,1753442100000,4878180000000,75,1,1,0.00001,SWAP,linear,2000000,100000,live,0.04,0.1,0.15,USDT
CVX-USDT,CVX,USDT,1,1753271100000,4906853303073,75,1,1,0.001,SWAP,linear,200000,50000,live,0.04,0.04,0.15,USDT
TA-USDT,TA,USDT,10,1753083900000,4878180000000,40,1,1,0.00001,SWAP,linear,700000,200000,live,0.04,0.1,0.15,USDT
ERA-USDT,ERA,USDT,1,1752767100000,4878180000000,75,1,1,0.0001,SWAP,linear,1000000,100000,live,0.04,0.1,0.15,USDT
TAC-USDT,TAC,USDT,100,1752576300000,4878180000000,50,1,1,0.000001,SWAP,linear,500000,30000,live,0.04,0.1,0.15,USDT
VELVET-USDT,VELVET,USDT,10,1752571800000,4878180000000,50,1,1,0.00001,SWAP,linear,1500000,30000,live,0.04,0.1,0.15,USDT
C-USDT,C,USDT,10,1752570900000,4878180000000,50,1,1,0.00001,SWAP,linear,600000,60000,live,0.04,0.1,0.15,USDT
PUMP-USDT,PUMP,USDT,1000,1752230100000,4878180000000,75,1,1,0.000001,SWAP,linear,200000,20000,live,0.04,0.1,0.15,USDT
USELESS-USDT,USELESS,USDT,10,1752154200000,4878180000000,12,1,1,0.00001,SWAP,linear,40000,8000,live,0.04,0.1,0.15,USDT
AIN-USDT,AIN,USDT,10,1752145200000,4878180000000,50,1,1,0.00001,SWAP,linear,400000,90000,live,0.04,0.1,0.15,USDT
M-USDT,M,USDT,10,1751882400000,4878180000000,50,0.1,0.1,0.0001,SWAP,linear,200000,20000,live,0.04,0.15,0.15,USDT
IDOL-USDT,IDOL,USDT,100,1751622900000,4878180000000,50,1,1,0.00001,SWAP,linear,600000,30000,live,0.04,0.15,0.15,USDT
ICNT-USDT,ICNT,USDT,1,1751549400000,4878180000000,50,1,1,0.0001,SWAP,linear,2000000,200000,live,0.04,0.15,0.15,USDT
SAHARA-USDT,SAHARA,USDT,10,1750940100000,4878180000000,50,1,1,0.00001,SWAP,linear,800000,100000,live,0.04,0.1,0.15,USDT
H-USDT,H,USDT,10,1750844700000,4878180000000,50,1,1,0.00001,SWAP,linear,2500000,100000,live,0.04,0.1,0.15,USDT
NEWT-USDT,NEWT,USDT,1,1750775400000,4878180000000,50,1,1,0.0001,SWAP,linear,3000000,500000,live,0.04,0.1,0.15,USDT
SPK-USDT,SPK,USDT,10,1750151700000,4878180000000,75,1,1,0.00001,SWAP,linear,1500000,200000,live,0.04,0.1,0.15,USDT
SQD-USDT,SQD,USDT,10,1749646800000,4878180000000,50,1,1,0.00001,SWAP,linear,500000,20000,live,0.04,0.1,0.15,USDT
RESOLV-USDT,RESOLV,USDT,10,1749563100000,4878180000000,50,1,1,0.00001,SWAP,linear,500000,50000,live,0.04,0.1,0.3,USDT
HOME-USDT,HOME,USDT,10,1749555900000,4878180000000,75,1,1,0.000001,SWAP,linear,500000,400000,live,0.04,0.04,0.3,USDT
LA-USDT,LA,USDT,1,1749114900000,4878180000000,75,1,1,0.0001,SWAP,linear,1000000,100000,live,0.04,0.04,0.3,USDT
BTCDOM-USDT,BTCDOM,USDT,0.001,1749207600000,4878180000000,20,1,1,0.1,SWAP,linear,10000000,100000,live,0.04,0.1,0.3,USDT
ETHBTC-USDT,ETHBTC,USDT,100,1749121200000,4878180000000,25,1,1,0.000001,SWAP,linear,20000,4000,live,0.04,0.1,0.3,USDT
MERL-USDT,MERL,USDT,1,1748444400000,4878180000000,20,1,1,0.00001,SWAP,linear,156985800,100000,live,0.04,0.025,0.3,USDT
SOPH-USDT,SOPH,USDT,100,1748438100000,4878180000000,75,0.1,0.1,0.000001,SWAP,linear,100000,10000,live,0.04,0.04,0.3,USDT
A-USDT,A,USDT,1,1748420100000,4878180000000,75,1,1,0.0001,SWAP,linear,1000000,100000,live,0.04,0.04,0.3,USDT
HUMA-USDT,HUMA,USDT,10,1748266200000,4878180000000,75,1,1,0.000001,SWAP,linear,1000000,170000,live,0.04,0.04,0.3,USDT
B-USDT,B,USDT,10,1747965600000,4878180000000,75,1,1,0.0001,SWAP,linear,400000,20000,live,0.04,0.04,0.3,USDT
AWE-USDT,AWE,USDT,10,1747815300000,4878180000000,40,1,1,0.00001,SWAP,linear,1500000,100000,live,0.04,0.04,0.3,USDT
ZKJ-USDT,ZKJ,USDT,1,1747133100000,4900725696381,40,1,1,0.00001,SWAP,linear,11000000,1100000,live,0.04,0.04,0.3,USDT
DOOD-USDT,DOOD,USDT,100,1746798300000,4878180000000,50,1,1,0.000001,SWAP,linear,1000000,50000,live,0.04,0.04,0.3,USDT
SXT-USDT,SXT,USDT,10,1746710100000,4878180000000,50,1,1,0.00001,SWAP,linear,2000000,20000,live,0.04,0.04,0.3,USDT
SYRUP-USDT,SYRUP,USDT,10,1746609300000,4878180000000,50,1,1,0.00001,SWAP,linear,500000,40000,live,0.04,0.04,0.3,USDT
ALPINE-USDT,ALPINE,USDT,1,1746525600000,4878180000000,50,1,1,0.0001,SWAP,linear,1000000,100000,live,0.04,0.04,0.3,USDT
ASR-USDT,ASR,USDT,1,1746524700000,4878180000000,50,1,1,0.001,SWAP,linear,500000,40000,live,0.04,0.04,0.3,USDT
HAEDAL-USDT,HAEDAL,USDT,10,1746070200000,4878180000000,50,1,1,0.00001,SWAP,linear,1000000,20000,live,0.04,0.04,0.3,USDT
AIOT-USDT,AIOT,USDT,10,1746017100000,4878180000000,40,1,1,0.0001,SWAP,linear,500000,20000,live,0.04,0.04,0.3,USDT
CTK-USDT,CTK,USDT,1,1746017100000,4126089600000,50,1,1,0.0001,SWAP,linear,2500000,100000,live,0.04,0.04,0.3,USDT
PUNDIX-USDT,PUNDIX,USDT,1,1746012600000,4878180000000,50,1,1,0.0001,SWAP,linear,2000000,100000,live,0.04,0.04,0.3,USDT
SIGN-USDT,SIGN,USDT,100,1745840700000,4878180000000,20,1,1,0.00001,SWAP,linear,200000,20000,live,0.04,0.02,0.3,USDT
INIT-USDT,INIT,USDT,10,1745495100000,4878180000000,50,1,1,0.0001,SWAP,linear,2912900,10000,live,0.04,0.02,0.3,USDT
XAUT-USDT,XAUT,USDT,0.001,1745408700000,4878180000000,50,1,1,0.1,SWAP,linear,5000000,50000,live,0.04,0.01,0.01,USDT
HYPER-USDT,HYPER,USDT,1,1745327700000,4878180000000,75,1,1,0.0001,SWAP,linear,5000000,100000,live,0.04,0.04,0.3,USDT
BANK-USDT,BANK,USDT,10,1745038800000,4878180000000,50,1,1,0.00001,SWAP,linear,2000000,200000,live,0.04,0.04,0.3,USDT
EPT-USDT,EPT,USDT,100,1745241300000,4878180000000,40,1,1,0.000001,SWAP,linear,500000,90000,live,0.04,0.04,0.3,USDT
AERGO-USDT,AERGO,USDT,1,1744802100000,4887360000000,50,1,1,0.00001,SWAP,linear,2000000,100000,live,0.04,0.04,0.3,USDT
WCT-USDT,WCT,USDT,1,1744715700000,4878180000000,50,1,1,0.0001,SWAP,linear,2500000,100000,live,0.04,0.04,0.3,USDT
KERNEL-USDT,KERNEL,USDT,1,1744632900000,4130910000000,50,1,1,0.0001,SWAP,linear,3000000,600000,live,0.04,0.04,0.3,USDT
PROMPT-USDT,PROMPT,USDT,10,1744299000000,2521537200000,40,1,1,0.00001,SWAP,linear,1000000,50000,live,0.04,0.02,0.3,USDT
BABY-USDT,BABY,USDT,10,1744283700000,2521537200000,75,1,1,0.00001,SWAP,linear,16666000,100000,live,0.04,0.02,0.3,USDT
FORTH-USDT,FORTH,USDT,1,1744101900000,2521537200000,50,1,1,0.001,SWAP,linear,500000,20000,live,0.04,0.04,0.3,USDT
GUN-USDT,GUN,USDT,10,1743426900000,2521537200000,50,1,1,0.00001,SWAP,linear,10000000,240000,live,0.04,0.04,0.3,USDT
FUN-USDT,FUN,USDT,1,1743414000000,2521900800000,50,1,1,0.000001,SWAP,linear,200000000,25000000,live,0.04,0.04,0.3,USDT
MLN-USDT,MLN,USDT,0.1,1743411600000,2521537200000,50,1,1,0.001,SWAP,linear,900000,90000,live,0.04,0.04,0.3,USDT
WAL-USDT,WAL,USDT,1,1743090300000,2521537200000,75,1,1,0.0001,SWAP,linear,2000000,200000,live,0.04,0.04,0.3,USDT
PARTI-USDT,PARTI,USDT,1,1742908500000,2521537200000,50,1,1,0.00001,SWAP,linear,3000000,300000,live,0.04,0.04,0.3,USDT
NIL-USDT,NIL,USDT,1,1742821800000,2521537200000,50,1,1,0.00001,SWAP,linear,1000000,200000,live,0.04,0.04,0.3,USDT
BANANAS31-USDT,BANANAS31,USDT,100,1742635800000,2521537200000,50,1,1,0.000001,SWAP,linear,2500000,100000,live,0.04,0.04,0.3,USDT
BROCCOLIF3B-USDT,BROCCOLIF3B,USDT,100,1742549400000,2521537200000,40,1,1,0.000001,SWAP,linear,500000,20000,live,0.04,0.04,0.3,USDT
BROCCOLI714-USDT,BROCCOLI714,USDT,100,1742548500000,2521537200000,50,1,1,0.00001,SWAP,linear,200000,20000,live,0.04,0.04,0.3,USDT
BID-USDT,BID,USDT,10,1742463900000,2521537200000,10,1,1,0.00001,SWAP,linear,1500000,150000,live,0.04,0.04,0.3,USDT
TUT-USDT,TUT,USDT,10,1742462100000,2521537200000,50,1,1,0.00001,SWAP,linear,2000000,200000,live,0.04,0.04,0.3,USDT
FORM-USDT,FORM,USDT,1,1742374800000,2499753143000,50,1,1,0.0001,SWAP,linear,600000,300000,live,0.04,0.04,0.3,USDT
MUBARAK-USDT,MUBARAK,USDT,10,1742220000000,2499595667000,50,1,1,0.00001,SWAP,linear,1000000,100000,live,0.04,0.04,0.3,USDT
MAVIA-USDT,MAVIA,USDT,1,1742211000000,2521900800000,20,1,1,0.00001,SWAP,linear,75000,55000,live,0.04,0.04,0.3,USDT
BMT-USDT,BMT,USDT,10,1741861800000,2499240906000,25,1,1,0.00001,SWAP,linear,33000,15000,live,0.04,0.04,0.3,USDT
EPIC-USDT,EPIC,USDT,1,1741856400000,2499236269000,50,1,1,0.0001,SWAP,linear,500000,20000,live,0.04,0.04,0.3,USDT
VIC-USDT,VIC,USDT,10,1741836600000,2499214345000,50,1,1,0.0001,SWAP,linear,300000,30000,live,0.04,0.04,0.3,USDT
RED-USDT,RED,USDT,1,1741269600000,2498650718000,50,1,1,0.0001,SWAP,linear,125000,25000,live,0.04,0.04,0.3,USDT
KAITO-USDT,KAITO,USDT,1,1740060900000,2497416200000,50,1,1,0.0001,SWAP,linear,12500000,100000,live,0.04,0.02,0.3,USDT
GPS-USDT,GPS,USDT,10,1739812500000,2497187817000,50,1,1,0.000001,SWAP,linear,700000,80000,live,0.04,0.04,0.3,USDT
SHELL-USDT,SHELL,USDT,1,1739792700000,2497173252000,50,1,1,0.00001,SWAP,linear,355000,71000,live,0.04,0.04,0.3,USDT
B3-USDT,B3,USDT,100,1739447100000,2496822829000,50,1,1,0.000001,SWAP,linear,800000,160000,live,0.04,0.04,0.3,USDT
IP-USDT,IP,USDT,1,1739441700000,2496811921000,75,1,1,0.001,SWAP,linear,4010000,20000,live,0.04,0.02,0.3,USDT
LAYER-USDT,LAYER,USDT,1,1739285100000,2496658048000,20,1,1,0.0001,SWAP,linear,19160575,100000,live,0.04,0.02,0.3,USDT
TST-USDT,TST,USDT,10,1739176200000,2496555111000,50,1,1,0.00001,SWAP,linear,200000,20000,live,0.04,0.04,0.3,USDT
BERA-USDT,BERA,USDT,0.1,1738850700000,2496208593000,75,1,1,0.001,SWAP,linear,1040000,300000,live,0.04,0.04,0.3,USDT
JELLYJELLY-USDT,JELLYJELLY,USDT,10,1738239000000,2495617632000,20,1,1,0.000001,SWAP,linear,50000,10000,live,0.04,0.15,0.15,USDT
VVV-USDT,VVV,USDT,0.1,1738144800000,2495523770000,50,1,1,0.001,SWAP,linear,900000,200000,live,0.04,0.04,0.3,USDT
PLUME-USDT,PLUME,USDT,10,1737718200000,2495095672000,50,1,1,0.00001,SWAP,linear,70000,14000,live,0.04,0.04,0.3,USDT
VINE-USDT,VINE,USDT,10,1737713700000,2495085913000,50,1,1,0.00001,SWAP,linear,400000,40000,live,0.04,0.04,0.3,USDT
ANIME-USDT,ANIME,USDT,10,1737645300000,2495025715000,50,1,1,0.000001,SWAP,linear,60000000,100000,live,0.04,0.02,0.3,USDT
VTHO-USDT,VTHO,USDT,100,1737539100000,2494914029000,50,1,1,0.000001,SWAP,linear,1000000,50000,live,0.04,0.04,0.3,USDT
MELANIA-USDT,MELANIA,USDT,0.1,1737356400000,2494736012000,75,1,1,0.0001,SWAP,linear,645000,900000,live,0.04,0.04,0.3,USDT
TRUMP-USDT,TRUMP,USDT,0.1,1737206100000,2494580545000,75,1,1,0.001,SWAP,linear,5000000,500000,live,0.04,0.04,0.3,USDT
PIPPIN-USDT,PIPPIN,USDT,10,1737113400000,2494492783000,50,1,1,0.00001,SWAP,linear,300000,400000,live,0.04,0.04,0.3,USDT
SOLV-USDT,SOLV,USDT,100,1737113400000,2494490664000,20,1,1,0.00001,SWAP,linear,500000,10000,live,0.04,0.02,0.3,USDT
S-USDT,S,USDT,1,1737012000000,2494378770000,75,1,1,0.0001,SWAP,linear,9000000,26000,live,0.04,0.04,0.3,USDT
FLOCK-USDT,FLOCK,USDT,10,1736420400000,2493799586000,50,1,1,0.0001,SWAP,linear,450000,47000,live,0.04,0.04,0.3,USDT
AVAAI-USDT,AVAAI,USDT,10,1736335800000,2493713894000,50,1,1,0.00001,SWAP,linear,7000000,700000,live,0.04,0.04,0.3,USDT
SONIC-USDT,SONIC,USDT,1,1736317800000,4918413345064,10,1,1,0.0001,SWAP,linear,35000000,100000,live,0.04,0.02,0.3,USDT
ALCH-USDT,ALCH,USDT,10,1736251800000,2493625624000,50,1,1,0.00001,SWAP,linear,500000,50000,live,0.04,0.04,0.3,USDT
COOKIE-USDT,COOKIE,USDT,10,1736250300000,2493625624000,75,1,1,0.00001,SWAP,linear,150000,10000,live,0.04,0.04,0.3,USDT
SWARMS-USDT,SWARMS,USDT,10,1736165400000,2521537200000,50,1,1,0.00001,SWAP,linear,500000,500000,live,0.04,0.04,0.3,USDT
ARC-USDT,ARC,USDT,10,1735903800000,2493279620000,50,1,1,0.00001,SWAP,linear,600000,180000,live,0.04,0.04,0.3,USDT
BIO-USDT,BIO,USDT,1,1735902000000,2493270891000,75,1,1,0.00001,SWAP,linear,20000000,2000000,live,0.04,0.04,0.3,USDT
PHA-USDT,PHA,USDT,10,1735561800000,2521537200000,50,1,1,0.00001,SWAP,linear,200000,20000,live,0.04,0.04,0.3,USDT
ZEREBRO-USDT,ZEREBRO,USDT,10,1735297200000,4914035012363,50,1,1,0.00001,SWAP,linear,3300000,300000,live,0.04,0.04,0.3,USDT
GRIFFAIN-USDT,GRIFFAIN,USDT,10,1735297200000,2521537200000,20,1,1,0.00001,SWAP,linear,10000000,400000,live,0.04,0.04,0.3,USDT
DEXE-USDT,DEXE,USDT,1,1735042200000,2493043200000,50,0.1,0.1,0.001,SWAP,linear,800000,10000,live,0.04,0.04,0.3,USDT
AIXBT-USDT,AIXBT,USDT,10,1734771600000,2521537200000,75,1,1,0.00001,SWAP,linear,400000,70000,live,0.04,0.04,0.3,USDT
KMNO-USDT,KMNO,USDT,10,1734771600000,2521537200000,50,1,1,0.00001,SWAP,linear,500000,30000,live,0.04,0.04,0.3,USDT
CGPT-USDT,CGPT,USDT,10,1734771600000,2521537200000,50,1,1,0.00001,SWAP,linear,500000,10000,live,0.04,0.04,0.3,USDT
FARTCOIN-USDT,FARTCOIN,USDT,1,1734692400000,2523606470000,75,1,1,0.0001,SWAP,linear,36000000,100000,live,0.04,0.04,0.3,USDT
HYPE-USDT,HYPE,USDT,0.1,1734607800000,2523522036000,75,1,1,0.001,SWAP,linear,49000,9800,live,0.04,0.04,0.3,USDT
USUAL-USDT,USUAL,USDT,1,1734527700000,2523437512000,75,1,1,0.00001,SWAP,linear,1000000,800000,live,0.04,0.04,0.3,USDT
PENGU-USDT,PENGU,USDT,100,1734453000000,2523361488000,75,1,1,0.000001,SWAP,linear,500000,40000,live,0.04,0.04,0.3,USDT
VANA-USDT,VANA,USDT,0.1,1734356700000,2523267514000,75,1,1,0.001,SWAP,linear,4000000,200000,live,0.04,0.04,0.3,USDT
VELODROME-USDT,VELODROME,USDT,10,1734094800000,2523008880000,50,1,1,0.00001,SWAP,linear,300000,90000,live,0.04,0.04,0.3,USDT
DEGO-USDT,DEGO,USDT,1,1734096600000,2521537200000,40,1,1,0.0001,SWAP,linear,300000,30000,live,0.04,0.2,0.3,USDT
AVA-USDT,AVA,USDT,1,1734095700000,2521537200000,50,1,1,0.0001,SWAP,linear,2000000,200000,live,0.04,0.04,0.3,USDT
ME-USDT,ME,USDT,1,1733913000000,2522827204000,50,1,1,0.0001,SWAP,linear,200000,20000,live,0.04,0.04,0.3,USDT
MOVE-USDT,MOVE,USDT,10,1733753700000,2522665200000,75,1,1,0.00001,SWAP,linear,150000,100000,live,0.04,0.04,0.3,USDT
ACX-USDT,ACX,USDT,1,1733738400000,2522648543000,50,1,1,0.00001,SWAP,linear,800000,300000,live,0.04,0.04,0.3,USDT
VIRTUAL-USDT,VIRTUAL,USDT,1,1733399100000,2522312056000,75,1,1,0.0001,SWAP,linear,600000,80000,live,0.04,0.04,0.3,USDT
AIOZ-USDT,AIOZ,USDT,10,1732876200000,2521789124000,25,0.1,0.1,0.00001,SWAP,linear,15000,3000,live,0.04,0.04,0.3,USDT
THE-USDT,THE,USDT,1,1732710600000,2521620822000,50,1,1,0.0001,SWAP,linear,700000,100000,live,0.04,0.04,0.3,USDT
MORPHO-USDT,MORPHO,USDT,1,1732618800000,2521537200000,20,1,1,0.0001,SWAP,linear,6590000,10000,live,0.04,0.04,0.3,USDT
1000CHEEMS-USDT,1000CHEEMS,USDT,10000,1732536900000,2521449613000,75,0.1,0.1,0.0000001,SWAP,linear,100000,5000,live,0.04,0.04,0.3,USDT
CHILLGUY-USDT,CHILLGUY,USDT,10,1732518000000,2521422550000,10,1,1,0.00001,SWAP,linear,180000,200000,live,0.04,0.04,0.3,USDT
BAN-USDT,BAN,USDT,10,1731931800000,2520842900000,50,1,1,0.00001,SWAP,linear,300000,30000,live,0.04,0.04,0.3,USDT
HIPPO-USDT,HIPPO,USDT,100,1731501900000,2520413936000,10,1,1,0.000001,SWAP,linear,7000000,600000,live,0.04,0.04,0.3,USDT
ACT-USDT,ACT,USDT,10,1731328200000,2520237060000,50,1,1,0.00001,SWAP,linear,300000,30000,live,0.04,0.04,0.3,USDT
PNUT-USDT,PNUT,USDT,10,1731319200000,2520231835000,50,0.1,0.1,0.00001,SWAP,linear,25000,5000,live,0.04,0.04,0.3,USDT
COW-USDT,COW,USDT,10,1730900700000,2519813513000,75,1,1,0.0001,SWAP,linear,300000,6000,live,0.04,0.04,0.3,USDT
KAIA-USDT,KAIA,USDT,10,1730464200000,2519377323000,75,1,1,0.00001,SWAP,linear,240000,100000,live,0.04,0.04,0.3,USDT
SPX-USDT,SPX,USDT,10,1730282400000,2519192546000,75,0.1,0.1,0.0001,SWAP,linear,120000,8000,live,0.04,0.04,0.3,USDT
GRASS-USDT,GRASS,USDT,10,1730128500000,2519036845000,20,0.1,0.1,0.0001,SWAP,linear,600000,10000,live,0.04,0.04,0.3,USDT
SANTOS-USDT,SANTOS,USDT,1,1730124600000,2519036845000,50,1,1,0.001,SWAP,linear,200000,20000,live,0.04,0.04,0.3,USDT
LUMIA-USDT,LUMIA,USDT,1,1729852200000,2518768077000,50,1,1,0.0001,SWAP,linear,600000,500000,live,0.04,0.04,0.3,USDT
GOAT-USDT,GOAT,USDT,10,1729681200000,2518596646000,75,1,1,0.00001,SWAP,linear,3000000,300000,live,0.04,0.04,0.3,USDT
DEEP-USDT,DEEP,USDT,100,1729245600000,2518154965000,25,0.1,0.1,0.00001,SWAP,linear,15000,3000,live,0.04,0.04,0.3,USDT
DIA-USDT,DIA,USDT,10,1728464400000,2517362708000,50,1,1,0.0001,SWAP,linear,100000,20000,live,0.04,0.04,0.3,USDT
NEIRO-USDT,NEIRO,USDT,1000,1728381600000,2517288230000,75,1,1,0.0000001,SWAP,linear,4000000,100000,live,0.04,0.04,0.3,USDT
MOODENG-USDT,MOODENG,USDT,10,1727791200000,2516700012000,75,1,1,0.00001,SWAP,linear,800000,45000,live,0.04,0.04,0.3,USDT
EIGEN-USDT,EIGEN,USDT,1,1727791200000,2516699698000,20,1,1,0.0001,SWAP,linear,5000000,20000,live,0.04,0.04,0.3,USDT
HMSTR-USDT,HMSTR,USDT,1000,1727354700000,2516165557000,20,1,1,0.0000001,SWAP,linear,4730000,10000,live,0.04,0.04,0.3,USDT
CATI-USDT,CATI,USDT,10,1726835400000,2515715800000,50,1,1,0.00001,SWAP,linear,5000000,10000,live,0.04,0.04,0.3,USDT
FIDA-USDT,FIDA,USDT,10,1726750800000,2515664540000,75,1,1,0.00001,SWAP,linear,400000,40000,live,0.04,0.04,0.3,USDT
ALEO-USDT,ALEO,USDT,1,1726745400000,2515660790000,20,1,1,0.0001,SWAP,linear,29000,5800,live,0.04,0.04,0.3,USDT
RPL-USDT,RPL,USDT,0.1,1725886800000,2514797471000,50,1,1,0.001,SWAP,linear,1000000,50000,live,0.04,0.04,0.3,USDT
POL-USDT,POL,USDT,10,1725537600000,2198834084000,75,1,1,0.00001,SWAP,linear,250000,50000,live,0.04,0.04,0.3,USDT
FLUX-USDT,FLUX,USDT,10,1725348600000,2198644561000,50,1,1,0.0001,SWAP,linear,200000,60000,live,0.04,0.04,0.3,USDT
CHESS-USDT,CHESS,USDT,10,1724920200000,2198214292000,10,1,1,0.00001,SWAP,linear,1000000,100000,live,0.04,0.04,0.3,USDT
ORDER-USDT,ORDER,USDT,10,1724763600000,2198057880000,16,1,1,0.00001,SWAP,linear,40000,8000,live,0.04,0.04,0.3,USDT
SUN-USDT,SUN,USDT,100,1724333400000,2197628725000,50,1,1,0.000001,SWAP,linear,500000,50000,live,0.04,0.04,0.3,USDT
SYS-USDT,SYS,USDT,10,1724074200000,2197351426000,50,1,1,0.00001,SWAP,linear,1000000,100000,live,0.04,0.04,0.3,USDT
SYN-USDT,SYN,USDT,10,1723815000000,2195740800000,50,1,1,0.00001,SWAP,linear,100000,100000,live,0.04,0.04,0.3,USDT
RENDER-USDT,RENDER,USDT,0.1,1722250800000,2493043200000,20,1,1,0.001,SWAP,linear,20000000,200000,live,0.04,0.04,0.3,USDT
G-USDT,G,USDT,100,1721991600000,2493043200000,50,1,1,0.000001,SWAP,linear,100000,30000,live,0.04,0.04,0.3,USDT
BANANA-USDT,BANANA,USDT,0.1,1721403000000,1861891200000,50,1,1,0.001,SWAP,linear,1500000,40000,live,0.04,0.04,0.3,USDT
AERO-USDT,AERO,USDT,1,1721118600000,2493043200000,25,1,1,0.0001,SWAP,linear,150000,30000,live,0.04,0.04,0.3,USDT
MOCA-USDT,MOCA,USDT,10,1721118600000,1861891200000,75,1,1,0.00001,SWAP,linear,90000,75000,live,0.04,0.04,0.3,USDT
BLAST-USDT,BLAST,USDT,100,1719489600000,4918462680168,20,1,1,0.0000001,SWAP,linear,40000,8000,live,0.04,0.1,0.15,USDT
AKT-USDT,AKT,USDT,1,1719399600000,4918462660080,50,1,1,0.0001,SWAP,linear,40000,8000,live,0.04,0.04,0.3,USDT
ZRO-USDT,ZRO,USDT,1,1718899200000,2537625600000,75,1,1,0.0001,SWAP,linear,3000000,50000,live,0.06,0.06,0.3,USDT
LISTA-USDT,LISTA,USDT,10,1718889305000,2553436800000,50,1,1,0.0001,SWAP,linear,100000,50000,live,0.06,0.06,0.3,USDT
ZK-USDT,ZK,USDT,10,1718627405000,2553436800000,20,1,1,0.00001,SWAP,linear,10000000,30000,live,0.06,0.06,0.3,USDT
ATH-USDT,ATH,USDT,100,1718281805000,2553436800000,75,1,1,0.00001,SWAP,linear,3000000,20000,live,0.04,0.04,0.3,USDT
1000000BABYDOGE-USDT,1000000BABYDOGE,USDT,1000,1718190005000,2553436800000,25,1,1,0.0000001,SWAP,linear,60000,12000,live,0.06,0.06,0.3,USDT
IO-USDT,IO,USDT,1,1718037005000,2553436800000,75,1,1,0.0001,SWAP,linear,1000000,100000,live,0.06,0.06,0.3,USDT
TAIKO-USDT,TAIKO,USDT,1,1717662605000,2553436800000,25,1,1,0.0001,SWAP,linear,40000,8000,live,0.06,0.06,0.3,USDT
1000000MOG-USDT,1000000MOG,USDT,1,1716805805000,2553436800000,75,1,1,0.0001,SWAP,linear,3000000,300000,live,0.06,0.06,0.3,USDT
DRIFT-USDT,DRIFT,USDT,10,1716373805000,2553436800000,50,0.1,0.1,0.0001,SWAP,linear,100000,5000,live,0.06,0.06,0.3,USDT
NOT-USDT,NOT,USDT,1000,1715877905000,2553436800000,20,1,1,0.0000001,SWAP,linear,3000000,10000,live,0.06,0.06,0.3,USDT
BB-USDT,BB,USDT,10,1715605205000,1922284800000,50,1,1,0.00001,SWAP,linear,100000,50000,live,0.06,0.06,0.3,USDT
REZ-USDT,REZ,USDT,10,1714489205000,4898048017045,50,1,1,0.000001,SWAP,linear,1000000,1000000,live,0.06,0.06,0.3,USDT
SAFE-USDT,SAFE,USDT,1,1714465805000,4898048029588,50,1,1,0.0001,SWAP,linear,800000,200000,live,0.06,0.06,0.3,USDT
BRETT-USDT,BRETT,USDT,100,1714393805000,1922284800000,75,0.1,0.1,0.00001,SWAP,linear,100000,10000,live,0.06,0.06,0.3,USDT
ORCA-USDT,ORCA,USDT,1,1713861005000,1922284800000,50,1,1,0.001,SWAP,linear,1500000,30000,live,0.06,0.06,0.3,USDT
ZBCN-USDT,ZBCN,USDT,1000,1713861005000,1922284800000,12,1,1,0.0000001,SWAP,linear,40000,8000,live,0.06,0.06,0.3,USDT
MEW-USDT,MEW,USDT,1000,1713342605000,1922329800000,50,0.1,0.1,0.000001,SWAP,linear,6000000,20000,live,0.04,0.04,0.3,USDT
SAGA-USDT,SAGA,USDT,1,1712662205000,1922284800000,75,1,1,0.00001,SWAP,linear,1000000,70000,live,0.06,0.06,0.3,USDT
W-USDT,W,USDT,1,1712159105000,1922284800000,75,1,1,0.00001,SWAP,linear,80000000,50000,live,0.04,0.04,0.3,USDT
ENA-USDT,ENA,USDT,10,1712072705000,1922284800000,75,0.1,0.1,0.0001,SWAP,linear,1000000,30000,live,0.06,0.06,0.3,USDT
DEGEN-USDT,DEGEN,USDT,100,1712053805000,1922284800000,50,1,1,0.000001,SWAP,linear,180000,38000,live,0.06,0.06,0.3,USDT
POPCAT-USDT,POPCAT,USDT,10,1711621805000,1922284800000,50,0.1,0.1,0.0001,SWAP,linear,200000,20000,live,0.06,0.06,0.3,USDT
RAY-USDT,RAY,USDT,1,1711449005000,1922284800000,20,1,1,0.0001,SWAP,linear,3200000,20000,live,0.04,0.04,0.3,USDT
ETHFI-USDT,ETHFI,USDT,1,1710837005000,1922284800000,75,1,1,0.0001,SWAP,linear,2000000,200000,live,0.04,0.04,0.3,USDT
BOME-USDT,BOME,USDT,1000,1710504005000,1922284800000,75,1,1,0.0000001,SWAP,linear,200000,30000,live,0.06,0.06,0.3,USDT
VANRY-USDT,VANRY,USDT,10,1710412205000,4911069994326,50,1,1,0.00001,SWAP,linear,1000000,200000,live,0.06,0.06,0.3,USDT
AEVO-USDT,AEVO,USDT,1,1710340205000,4902906277373,20,1,1,0.00001,SWAP,linear,42780000,30000,live,0.04,0.04,0.3,USDT
PORTAL-USDT,PORTAL,USDT,1,1709223305000,1922284800000,25,1,1,0.00001,SWAP,linear,1000000,400000,live,0.06,0.06,0.3,USDT
GLM-USDT,GLM,USDT,10,1708605005000,1922284800000,20,1,1,0.00001,SWAP,linear,500000,20000,live,0.06,0.06,0.3,USDT
STRK-USDT,STRK,USDT,1,1708489805000,1922284800000,50,1,1,0.0001,SWAP,linear,20000000,2000000,live,0.04,0.04,0.3,USDT
PIXEL-USDT,PIXEL,USDT,10,1708425005000,1922284800000,50,1,1,0.00001,SWAP,linear,500000,500000,live,0.06,0.06,0.3,USDT
OM-USDT,OM,USDT,10,1708317005000,1922284800000,75,0.1,0.1,0.00001,SWAP,linear,280000,90000,live,0.04,0.04,0.15,USDT
DYM-USDT,DYM,USDT,1,1707301805000,1896105600000,50,1,1,0.00001,SWAP,linear,1000000,250000,live,0.06,0.06,0.3,USDT
ZETA-USDT,ZETA,USDT,10,1706783405000,1922284800000,50,1,1,0.0001,SWAP,linear,3000000,10000,live,0.04,0.04,0.3,USDT
JUP-USDT,JUP,USDT,1,1706754605000,1922284800000,50,1,1,0.0001,SWAP,linear,18000000,200000,live,0.04,0.04,0.3,USDT
TAO-USDT,TAO,USDT,0.01,1712835005000,4907013982329,75,1,1,0.01,SWAP,linear,30000,18000,live,0.04,0.04,0.3,USDT
PROM-USDT,PROM,USDT,1,1706608805000,1922329800000,50,1,1,0.001,SWAP,linear,100000,15000,live,0.06,0.06,0.3,USDT
ALT-USDT,ALT,USDT,1,1706608805000,1922329800000,50,1,1,0.00001,SWAP,linear,10000000,1000000,live,0.06,0.06,0.3,USDT
MBOX-USDT,MBOX,USDT,1,1705919405000,1893427200000,50,1,1,0.00001,SWAP,linear,10000000,1200000,live,0.06,0.06,0.3,USDT
ONDO-USDT,ONDO,USDT,0.1,1705919405000,4907119353800,50,1,1,0.0001,SWAP,linear,300000000,2000000,live,0.04,0.04,0.3,USDT
MANTA-USDT,MANTA,USDT,0.1,1705919405000,1893427200000,50,1,1,0.0001,SWAP,linear,10000000,2000000,live,0.06,0.06,0.3,USDT
WIF-USDT,WIF,USDT,1,1705587315000,1893427200000,75,1,1,0.0001,SWAP,linear,24000000,50000,live,0.06,0.06,0.3,USDT
XAI-USDT,XAI,USDT,1,1704814205000,1893427200000,75,1,1,0.00001,SWAP,linear,6000000,110000,live,0.06,0.06,0.3,USDT
AI-USDT,AI,USDT,1,1704718805000,1893427200000,50,1,1,0.00001,SWAP,linear,1000000,70000,live,0.06,0.06,0.3,USDT
METIS-USDT,METIS,USDT,1,1704357005000,1893427200000,50,0.1,0.1,0.001,SWAP,linear,100000,2000,live,0.04,0.04,0.3,USDT
NFP-USDT,NFP,USDT,1,1703680205000,1861891200000,50,1,1,0.00001,SWAP,linear,540300,150000,live,0.06,0.06,0.3,USDT
ACE-USDT,ACE,USDT,1,1702888205000,1890748800000,20,1,1,0.0001,SWAP,linear,20000000,10000,live,0.04,0.04,0.3,USDT
TURBO-USDT,TURBO,USDT,10000,1702557605000,1890748800000,75,0.1,0.1,0.0000001,SWAP,linear,250000,2000,live,0.04,0.04,0.3,USDT
JTO-USDT,JTO,USDT,1,1702024205000,1890748800000,75,0.1,0.1,0.0001,SWAP,linear,800000,8000,live,0.04,0.04,0.3,USDT
AXL-USDT,AXL,USDT,1,1701959405000,1891345149000,75,1,1,0.0001,SWAP,linear,1000000,600000,live,0.06,0.06,0.3,USDT
AUCTION-USDT,AUCTION,USDT,0.1,1701426605000,1890811026000,20,1,1,0.001,SWAP,linear,8000000,100000,live,0.04,0.04,0.3,USDT
RARE-USDT,RARE,USDT,1,1701160205000,1890531473000,50,1,1,0.00001,SWAP,linear,1500000,380000,live,0.06,0.06,0.3,USDT
UMA-USDT,UMA,USDT,0.1,1697617800000,1886315400000,20,1,1,0.0001,SWAP,linear,100000000,150000,live,0.06,0.06,0.3,USDT
USTC-USDT,USTC,USDT,1,1701088205000,1888156800000,50,1,1,0.000001,SWAP,linear,13816000,1382000,live,0.04,0.04,0.3,USDT
SUPER-USDT,SUPER,USDT,1,1700800205000,1890186825000,75,1,1,0.0001,SWAP,linear,100000,100000,live,0.06,0.06,0.3,USDT
MOVR-USDT,MOVR,USDT,1,1700798405000,1890186084000,50,0.1,0.1,0.001,SWAP,linear,100000,9000,live,0.04,0.04,0.3,USDT
1000RATS-USDT,1000RATS,USDT,1,1700713805000,4906075420494,40,1,1,0.00001,SWAP,linear,1000000,1000000,live,0.06,0.06,0.3,USDT
CKB-USDT,CKB,USDT,1,1697617800000,1886315400000,50,1,1,0.000001,SWAP,linear,10000000,5580000,live,0.06,0.06,0.3,USDT
CETUS-USDT,CETUS,USDT,10,1700728205000,1922329800000,20,1,1,0.00001,SWAP,linear,2000000,30000,live,0.04,0.04,0.3,USDT
ETHW-USDT,ETHW,USDT,0.1,1700728205000,1922329800000,20,1,1,0.0001,SWAP,linear,9000000,150000,live,0.04,0.04,0.3,USDT
PYTH-USDT,PYTH,USDT,10,1700555405000,1893427200000,75,1,1,0.00001,SWAP,linear,4500000,25000,live,0.04,0.04,0.3,USDT
10000SATS-USDT,10000SATS,USDT,1,1700195405000,1921116128000,12,1,1,0.0000001,SWAP,linear,132210000,12000000,live,0.06,0.06,0.3,USDT
MNT-USDT,MNT,USDT,1,1700123405000,1922329800000,25,1,1,0.0001,SWAP,linear,710000,100000,live,0.06,0.06,0.3,USDT
KAS-USDT,KAS,USDT,1,1700123405000,1922329800000,75,1,1,0.00001,SWAP,linear,8000000,6000000,live,0.06,0.06,0.3,USDT
1000BONK-USDT,1000BONK,USDT,1000,1700123405000,1922329800000,75,0.1,0.1,0.000001,SWAP,linear,40000,6000,live,0.06,0.06,0.3,USDT
BEAM-USDT,BEAM,USDT,1,1700037005000,1922329800000,20,1,1,0.000001,SWAP,linear,15140000,1570000,live,0.06,0.06,0.3,USDT
CRO-USDT,CRO,USDT,10,1699871405000,1922329800000,20,1,1,0.00001,SWAP,linear,9157000,30000,live,0.06,0.06,0.3,USDT
RVN-USDT,RVN,USDT,10,1697617800000,1886315400000,20,1,1,0.00001,SWAP,linear,10000000,270000,live,0.04,0.04,0.3,USDT
ILV-USDT,ILV,USDT,0.1,1699677005000,1888156800000,50,1,1,0.001,SWAP,linear,34600,10000,live,0.06,0.06,0.3,USDT
SKL-USDT,SKL,USDT,1,1697617800000,1886315400000,50,1,1,0.00001,SWAP,linear,10000000,5000000,live,0.06,0.06,0.3,USDT
STEEM-USDT,STEEM,USDT,1,1699525805000,1888911585000,50,1,1,0.00001,SWAP,linear,1370900,200000,live,0.06,0.06,0.3,USDT
BAND-USDT,BAND,USDT,1,1699519505000,1922329800000,50,1,1,0.0001,SWAP,linear,10000000,30000,live,0.04,0.04,0.3,USDT
XTZ-USDT,XTZ,USDT,1,1673517600000,1890748800000,50,1,1,0.001,SWAP,linear,15265000,70000,live,0.04,0.04,0.15,USDT
CAKE-USDT,CAKE,USDT,1,1699417805000,1922329800000,75,1,1,0.0001,SWAP,linear,1000000,20000,live,0.06,0.06,0.3,USDT
POLYX-USDT,POLYX,USDT,1,1699417805000,1922329800000,50,1,1,0.00001,SWAP,linear,4814200,200000,live,0.06,0.06,0.3,USDT
TRU-USDT,TRU,USDT,1,1699417805000,1922329800000,50,1,1,0.00001,SWAP,linear,5850600,500000,live,0.06,0.06,0.3,USDT
TWT-USDT,TWT,USDT,1,1699160400000,1922329800000,50,1,1,0.0001,SWAP,linear,312600,30000,live,0.06,0.06,0.3,USDT
MEME-USDT,MEME,USDT,100,1699023600000,1922329800000,50,1,1,0.000001,SWAP,linear,60000000,100000,live,0.04,0.04,0.3,USDT
TIA-USDT,TIA,USDT,1,1698813005000,1919733551000,75,1,1,0.0001,SWAP,linear,4500000,40000,live,0.04,0.04,0.3,USDT
TON-USDT,TON,USDT,1,1698661805000,1888047813000,75,1,1,0.0001,SWAP,linear,3000000,40000,live,0.04,0.04,0.3,USDT
GAS-USDT,GAS,USDT,1,1700555405000,1924417664000,20,1,1,0.001,SWAP,linear,3000000,8000,live,0.04,0.04,0.3,USDT
DENT-USDT,DENT,USDT,10,1697617800000,1886315400000,50,1,1,0.000001,SWAP,linear,22451700,5000000,live,0.06,0.06,0.3,USDT
XVG-USDT,XVG,USDT,1,1697617800000,1886315400000,50,1,1,0.000001,SWAP,linear,550000000,6000000,live,0.06,0.06,0.3,USDT
1000FLOKI-USDT,1000FLOKI,USDT,1,1697617800000,1886315400000,75,1,1,0.00001,SWAP,linear,5249800,638000,live,0.06,0.06,0.3,USDT
RLC-USDT,RLC,USDT,0.1,1697617800000,1886315400000,50,1,1,0.0001,SWAP,linear,10000000,350000,live,0.06,0.06,0.3,USDT
HFT-USDT,HFT,USDT,1,1697617800000,1886315400000,50,1,1,0.00001,SWAP,linear,10000000,500000,live,0.06,0.06,0.3,USDT
LRC-USDT,LRC,USDT,10,1697617800000,1886315400000,20,1,1,0.00001,SWAP,linear,9760000,25000,live,0.04,0.04,0.3,USDT
DUSK-USDT,DUSK,USDT,1,1697617800000,1886315400000,50,1,1,0.00001,SWAP,linear,10000000,500000,live,0.06,0.06,0.3,USDT
ICX-USDT,ICX,USDT,1,1697617800000,1886315400000,20,1,1,0.0001,SWAP,linear,133680000,50000,live,0.04,0.04,0.3,USDT
IOTA-USDT,IOTA,USDT,10,1697617800000,1886315400000,20,1,1,0.0001,SWAP,linear,5254000,20000,live,0.04,0.04,0.3,USDT
CHR-USDT,CHR,USDT,1,1697617800000,1886315400000,50,1,1,0.0001,SWAP,linear,10000000,1000000,live,0.06,0.1,0.15,USDT
ONE-USDT,ONE,USDT,1,1697617800000,1886315400000,50,1,1,0.00001,SWAP,linear,700000000,5000000,live,0.04,0.04,0.3,USDT
CELR-USDT,CELR,USDT,1,1697617800000,1886315400000,50,1,1,0.00001,SWAP,linear,120000000,3000000,live,0.06,0.06,0.3,USDT
ZEC-USDT,ZEC,USDT,0.1,1697617800000,1886315400000,75,1,1,0.01,SWAP,linear,80000,20000,live,0.06,0.06,0.3,USDT
BAT-USDT,BAT,USDT,10,1697617800000,2517467400000,50,1,1,0.0001,SWAP,linear,5356000,23000,live,0.04,0.04,0.3,USDT
ROSE-USDT,ROSE,USDT,1,1697617800000,1886315400000,75,1,1,0.00001,SWAP,linear,10000000,500000,live,0.06,0.06,0.3,USDT
RSR-USDT,RSR,USDT,100,1697617800000,1886315400000,20,1,1,0.000001,SWAP,linear,14000000,150000,live,0.06,0.06,0.3,USDT
PHB-USDT,PHB,USDT,1,1697617800000,1886315400000,50,1,1,0.0001,SWAP,linear,10000000,23800,live,0.06,0.06,0.3,USDT
JASMY-USDT,JASMY,USDT,1,1697617800000,1886315400000,75,1,1,0.000001,SWAP,linear,24837300,5000000,live,0.06,0.06,0.3,USDT
MAV-USDT,MAV,USDT,1,1697617800000,1886315400000,50,1,1,0.00001,SWAP,linear,4240800,1200000,live,0.06,0.06,0.3,USDT
HOT-USDT,HOT,USDT,10,1697617800000,1886315400000,50,1,1,0.000001,SWAP,linear,5000000,2000000,live,0.06,0.06,0.3,USDT
NMR-USDT,NMR,USDT,0.1,1697617800000,4919107397240,75,1,1,0.001,SWAP,linear,11620000,10000,live,0.04,0.04,0.3,USDT
SFP-USDT,SFP,USDT,1,1697617800000,1886315400000,75,1,1,0.0001,SWAP,linear,5000000,300000,live,0.04,0.1,0.15,USDT
ONT-USDT,ONT,USDT,10,1697617800000,1886315400000,75,1,1,0.0001,SWAP,linear,5262000,35000,live,0.04,0.04,0.3,USDT
DODOX-USDT,DODOX,USDT,1,1697617800000,1886315400000,50,1,1,0.000001,SWAP,linear,6026900,1000000,live,0.06,0.06,0.3,USDT
BEL-USDT,BEL,USDT,1,1697617800000,1886315400000,50,1,1,0.0001,SWAP,linear,10000000,250000,live,0.06,0.06,0.3,USDT
ALICE-USDT,ALICE,USDT,0.1,1697617800000,1886315400000,50,1,1,0.001,SWAP,linear,500000,500000,live,0.06,0.06,0.3,USDT
HOOK-USDT,HOOK,USDT,0.1,1697617800000,1886315400000,50,1,1,0.00001,SWAP,linear,3202800,950000,live,0.06,0.06,0.3,USDT
C98-USDT,C98,USDT,1,1697617800000,1886315400000,50,1,1,0.0001,SWAP,linear,1151800,900000,live,0.06,0.06,0.3,USDT
AR-USDT,AR,USDT,0.1,1697617800000,4916348922019,20,1,1,0.001,SWAP,linear,13260000,90000,live,0.04,0.04,0.3,USDT
SPELL-USDT,SPELL,USDT,10,1697617800000,1886315400000,50,1,1,0.0000001,SWAP,linear,35009100,3384000,live,0.04,0.04,0.3,USDT
MTL-USDT,MTL,USDT,1,1697617800000,1886315400000,50,1,1,0.0001,SWAP,linear,1000000,80000,live,0.06,0.06,0.3,USDT
LUNA2-USDT,LUNA2,USDT,1,1697617800000,4898225773581,50,1,1,0.00001,SWAP,linear,462100,300000,live,0.06,0.06,0.3,USDT
VET-USDT,VET,USDT,1,1697617800000,1886315400000,75,1,1,0.000001,SWAP,linear,200000000,2500000,live,0.06,0.06,0.3,USDT
ARKM-USDT,ARKM,USDT,1,1697617800000,1886315400000,75,1,1,0.0001,SWAP,linear,5000000,100000,live,0.06,0.06,0.3,USDT
XMR-USDT,XMR,USDT,0.1,1697617800000,1886315400000,75,0.1,0.1,0.01,SWAP,linear,33100,6500,live,0.06,0.06,0.3,USDT
HBAR-USDT,HBAR,USDT,100,1697617800000,4918413306773,75,0.1,0.1,0.00001,SWAP,linear,800000,14000,live,0.04,0.04,0.3,USDT
IOTX-USDT,IOTX,USDT,1,1697617800000,1886315400000,50,1,1,0.00001,SWAP,linear,70000000,2000000,live,0.06,0.06,0.3,USDT
API3-USDT,API3,USDT,1,1697617800000,1886315400000,20,1,1,0.0001,SWAP,linear,2000000,200000,live,0.04,0.04,0.3,USDT
RUNE-USDT,RUNE,USDT,1,1697617800000,1886315400000,75,1,1,0.0001,SWAP,linear,10000000,50000,live,0.06,0.06,0.3,USDT
LQTY-USDT,LQTY,USDT,0.1,1697617800000,1886315400000,20,1,1,0.0001,SWAP,linear,300000000,200000,live,0.04,0.04,0.3,USDT
ARK-USDT,ARK,USDT,1,1697617800000,1886315400000,40,1,1,0.0001,SWAP,linear,10000000,150000,live,0.06,0.06,0.3,USDT
QNT-USDT,QNT,USDT,0.1,1697358600000,1861891200000,75,0.1,0.1,0.01,SWAP,linear,10000000,10000,live,0.06,0.06,0.3,USDT
BIGTIME-USDT,BIGTIME,USDT,1,1697121005000,1918031701000,20,1,1,0.00001,SWAP,linear,189910000,300000,live,0.04,0.04,0.3,USDT
LPT-USDT,LPT,USDT,0.1,1693825205000,1861891200000,20,1,1,0.001,SWAP,linear,10000000,350000,live,0.04,0.04,0.3,USDT
GTC-USDT,GTC,USDT,0.1,1693801805000,1861891200000,50,1,1,0.001,SWAP,linear,1000000,1500000,live,0.06,0.06,0.3,USDT
CYBER-USDT,CYBER,USDT,0.1,1693654200000,1861961400000,50,1,1,0.0001,SWAP,linear,100000000,900000,live,0.06,0.06,0.3,USDT
SEI-USDT,SEI,USDT,10,1692693005000,1861891200000,75,1,1,0.0001,SWAP,linear,1000000,20000,live,0.06,0.06,0.3,USDT
MINA-USDT,MINA,USDT,1,1692001805000,1861891200000,75,1,1,0.0001,SWAP,linear,10000000,85000,live,0.04,0.04,0.3,USDT
PEOPLE-USDT,PEOPLE,USDT,100,1692001805000,1861891200000,75,1,1,0.00001,SWAP,linear,4500000,50000,live,0.06,0.06,0.3,USDT
CTSI-USDT,CTSI,USDT,10,1692001805000,1861891200000,50,1,1,0.0001,SWAP,linear,100000,70000,live,0.06,0.06,0.3,USDT
HNT-USDT,HNT,USDT,1,1703923205000,1864483200000,12,1,1,0.001,SWAP,linear,5000,1322,live,0.06,0.06,0.3,USDT
OGN-USDT,OGN,USDT,100,1692001805000,1861891200000,50,0.1,0.1,0.0001,SWAP,linear,100000,10000,live,0.06,0.06,0.3,USDT
YGG-USDT,YGG,USDT,1,1691145005000,1861891200000,50,1,1,0.00001,SWAP,linear,8000000,110000,live,0.04,0.04,0.3,USDT
ARPA-USDT,ARPA,USDT,1,1691145005000,1861891200000,50,1,1,0.00001,SWAP,linear,10000000,2000000,live,0.06,0.06,0.3,USDT
ID-USDT,ID,USDT,10,1692001805000,1861891200000,20,1,1,0.00001,SWAP,linear,1000000,20000,live,0.04,0.04,0.3,USDT
BSV-USDT,BSV,USDT,1,1691145005000,1861891200000,50,0.1,0.1,0.01,SWAP,linear,130000,3000,live,0.04,0.04,0.3,USDT
ZEN-USDT,ZEN,USDT,1,1691145005000,1861891200000,75,0.1,0.1,0.001,SWAP,linear,1000000,10000,live,0.06,0.06,0.3,USDT
PENDLE-USDT,PENDLE,USDT,1,1693290379000,1861891200000,75,1,1,0.0001,SWAP,linear,3000000,100000,live,0.06,0.06,0.3,USDT
AGLD-USDT,AGLD,USDT,1,1691145005000,1861891200000,20,1,1,0.0001,SWAP,linear,10000000,54000,live,0.06,0.06,0.3,USDT
SHIB-USDT,SHIB,USDT,1000000,1691145005000,1861891200000,50,0.1,0.1,0.000000001,SWAP,linear,793700,35000,live,0.04,0.04,0.3,USDT
MAGIC-USDT,MAGIC,USDT,1,1691145005000,1861891200000,75,1,1,0.0001,SWAP,linear,36180000,70000,live,0.04,0.04,0.3,USDT
STG-USDT,STG,USDT,1,1691145005000,1861891200000,50,1,1,0.0001,SWAP,linear,10000000,190000,live,0.06,0.06,0.3,USDT
WOO-USDT,WOO,USDT,10,1691145005000,1861891200000,50,1,1,0.00001,SWAP,linear,9070000,50000,live,0.04,0.04,0.3,USDT
ZRX-USDT,ZRX,USDT,10,1691145005000,1861891200000,20,1,1,0.0001,SWAP,linear,2700000,21000,live,0.04,0.04,0.3,USDT
ICP-USDT,ICP,USDT,0.01,1691145005000,1861891200000,20,1,1,0.001,SWAP,linear,103642000,3200000,live,0.04,0.04,0.3,USDT
ANKR-USDT,ANKR,USDT,100,1691145005000,1861891200000,50,1,1,0.000001,SWAP,linear,558500,50000,live,0.06,0.06,0.3,USDT
FLOW-USDT,FLOW,USDT,1,1691145005000,1861891200000,50,1,1,0.001,SWAP,linear,20000000,150000,live,0.04,0.04,0.3,USDT
GRT-USDT,GRT,USDT,10,1691145005000,1861891200000,75,1,1,0.00001,SWAP,linear,11560000,100000,live,0.04,0.04,0.3,USDT
IMX-USDT,IMX,USDT,1,1691145005000,1861891200000,75,1,1,0.0001,SWAP,linear,14750000,100000,live,0.04,0.04,0.3,USDT
GMX-USDT,GMX,USDT,0.1,1691145005000,1861891200000,20,1,1,0.001,SWAP,linear,6070000,20000,live,0.04,0.04,0.3,USDT
TRB-USDT,TRB,USDT,0.1,1691145005000,1861891200000,20,1,1,0.001,SWAP,linear,2500000,28000,live,0.04,0.04,0.3,USDT
ASTR-USDT,ASTR,USDT,1,1691145005000,1861891200000,50,1,1,0.000001,SWAP,linear,10000000,600000,live,0.06,0.06,0.3,USDT
HIGH-USDT,HIGH,USDT,1,1691145005000,1861891200000,50,1,1,0.0001,SWAP,linear,1000000,54000,live,0.06,0.06,0.3,USDT
KAVA-USDT,KAVA,USDT,1,1691137805000,4919107352610,75,1,1,0.0001,SWAP,linear,8000000,100000,live,0.06,0.06,0.3,USDT
1INCH-USDT,1INCH,USDT,1,1692001805000,1861891200000,20,1,1,0.0001,SWAP,linear,6000000,130000,live,0.04,0.04,0.3,USDT
COTI-USDT,COTI,USDT,1,1691145005000,1861891200000,50,1,1,0.00001,SWAP,linear,2311700,800000,live,0.06,0.06,0.3,USDT
FXS-USDT,FXS,USDT,0.1,1691145005000,1861891200000,75,1,1,0.0001,SWAP,linear,45000000,50000,live,0.04,0.04,0.3,USDT
FET-USDT,FET,USDT,1,1723633200000,2553436800000,75,1,1,0.0001,SWAP,linear,10000000,250000,live,0.04,0.04,0.3,USDT
CELO-USDT,CELO,USDT,1,1691145005000,1861891200000,20,1,1,0.001,SWAP,linear,34670000,50000,live,0.04,0.04,0.3,USDT
XLM-USDT,XLM,USDT,100,1691145005000,1861891200000,75,0.1,0.1,0.00001,SWAP,linear,390000,9000,live,0.04,0.04,0.3,USDT
INJ-USDT,INJ,USDT,1,1691145005000,1861891200000,75,0.1,0.1,0.001,SWAP,linear,1060000,5000,live,0.04,0.04,0.3,USDT
CFX-USDT,CFX,USDT,1,1677571200000,1890748800000,20,1,1,0.00001,SWAP,linear,20000000,420000,live,0.04,0.04,0.15,USDT
BLUR-USDT,BLUR,USDT,1,1677069000000,1890748800000,20,1,1,0.00001,SWAP,linear,73200000,150000,live,0.04,0.04,0.15,USDT
LINK-USDT,LINK,USDT,1,1673517600000,4918457713123,50,0.1,0.1,0.001,SWAP,linear,983000,25000,live,0.02,0.02,0.05,USDT
ADA-USDT,ADA,USDT,100,1673517600000,1890748800000,50,0.01,0.01,0.0001,SWAP,linear,60000,4500,live,0.04,0.04,0.15,USDT
DOGE-USDT,DOGE,USDT,1000,1673517600000,4907012173174,50,0.01,0.01,0.00001,SWAP,linear,49700,12000,live,0.04,0.04,0.15,USDT
ETC-USDT,ETC,USDT,0.1,1673517600000,4918457690595,50,1,1,0.001,SWAP,linear,6303000,137300,live,0.04,0.04,0.15,USDT
LTC-USDT,LTC,USDT,1,1673517600000,2521900800000,50,0.01,0.01,0.01,SWAP,linear,20000,3500,live,0.02,0.02,0.05,USDT
BNB-USDT,BNB,USDT,0.01,1673517600000,4918462724034,75,1,1,0.01,SWAP,linear,10000000,82000,live,0.04,0.04,0.15,USDT
AVAX-USDT,AVAX,USDT,1,1673517600000,1890748800000,50,0.1,0.1,0.001,SWAP,linear,480000,5200,live,0.04,0.04,0.15,USDT
DOT-USDT,DOT,USDT,1,1673517600000,1890748800000,75,0.1,0.1,0.001,SWAP,linear,2000000,30000,live,0.02,0.02,0.05,USDT
WLD-USDT,WLD,USDT,1,1690200005000,1861891200000,75,1,1,0.0001,SWAP,linear,10000000,50000,live,0.04,0.04,0.3,USDT
STX-USDT,STX,USDT,10,1689237005000,1861891200000,20,0.1,0.1,0.0001,SWAP,linear,900000,16700,live,0.04,0.15,0.15,USDT
COMP-USDT,COMP,USDT,0.1,1689237005000,1861891200000,20,1,1,0.01,SWAP,linear,300000,14000,live,0.04,0.15,0.15,USDT
ORDI-USDT,ORDI,USDT,0.1,1687163405000,1861891200000,75,1,1,0.001,SWAP,linear,6617000,120000,live,0.04,0.15,0.15,USDT
EDU-USDT,EDU,USDT,1,1686558605000,1861891200000,50,1,1,0.0001,SWAP,linear,10000000,200000,live,0.04,0.15,0.15,USDT
PEPE-USDT,PEPE,USDT,10000000,1683793801000,1890748800000,75,0.01,0.01,0.000000001,SWAP,linear,100000,10000,live,0.04,0.15,0.15,USDT
ACH-USDT,ACH,USDT,10,1681288205000,1861891200000,20,1,1,0.000001,SWAP,linear,8000000,100000,live,0.04,0.04,0.15,USDT
OP-USDT,OP,USDT,1,1681288205000,1861891200000,75,1,1,0.0001,SWAP,linear,10000000,100000,live,0.04,0.04,0.15,USDT
LDO-USDT,LDO,USDT,1,1681288205000,1890748800000,75,1,1,0.0001,SWAP,linear,2000000,50000,live,0.04,0.15,0.15,USDT
APE-USDT,APE,USDT,0.1,1681288205000,1861891200000,75,1,1,0.0001,SWAP,linear,100000000,210000,live,0.04,0.15,0.15,USDT
SAND-USDT,SAND,USDT,10,1681288205000,1861891200000,50,1,1,0.00001,SWAP,linear,3000000,11000,live,0.04,0.15,0.15,USDT
ARB-USDT,ARB,USDT,1,1679580005000,1893340800000,20,1,1,0.0001,SWAP,linear,30234000,220000,live,0.04,0.04,0.15,USDT
MANA-USDT,MANA,USDT,10,1681288205000,1861891200000,20,1,1,0.0001,SWAP,linear,500000,15000,live,0.04,0.04,0.15,USDT
NEAR-USDT,NEAR,USDT,10,1681288205000,1861891200000,75,0.1,0.1,0.001,SWAP,linear,300000,3200,live,0.04,0.15,0.15,USDT
SNX-USDT,SNX,USDT,1,1681288205000,1861891200000,75,1,1,0.001,SWAP,linear,10000000,26000,live,0.04,0.15,0.15,USDT
SUI-USDT,SUI,USDT,1,1683189005000,1890748800000,50,1,1,0.0001,SWAP,linear,5000000,200000,live,0.04,0.15,0.15,USDT
FIL-USDT,FIL,USDT,0.1,1673517600000,1890748800000,75,1,1,0.001,SWAP,linear,39059000,200000,live,0.04,0.04,0.15,USDT
XRP-USDT,XRP,USDT,100,1673517600000,1890748800000,50,0.01,0.01,0.0001,SWAP,linear,90000,5000,live,0.02,0.02,0.05,USDT
SSV-USDT,SSV,USDT,0.1,1681288205000,1861891200000,75,1,1,0.001,SWAP,linear,9820000,20000,live,0.04,0.15,0.15,USDT
AXS-USDT,AXS,USDT,0.1,1673517600000,1890748800000,20,1,1,0.001,SWAP,linear,39550000,80000,live,0.06,0.06,0.15,USDT
SOL-USDT,SOL,USDT,1,1673517600000,1890748800000,75,0.01,0.01,0.01,SWAP,linear,1000000,6000,live,0.02,0.04,0.08,USDT
GMT-USDT,GMT,USDT,1,1673517600000,2521900800000,20,1,1,0.00001,SWAP,linear,136000000,3000000,live,0.04,0.04,0.15,USDT
GALA-USDT,GALA,USDT,10,1673517600000,1890748800000,20,1,1,0.00001,SWAP,linear,71520000,800000,live,0.04,0.04,0.15,USDT
BCH-USDT,BCH,USDT,0.1,1673517600000,2521900800000,50,0.1,0.1,0.01,SWAP,linear,100000,9000,live,0.04,0.04,0.15,USDT
ZIL-USDT,ZIL,USDT,100,1673517600000,1890748800000,75,1,1,0.00001,SWAP,linear,2000000,23000,live,0.04,0.04,0.15,USDT
UNI-USDT,UNI,USDT,1,1673517600000,4904590979358,75,0.1,0.1,0.001,SWAP,linear,1200000,15000,live,0.04,0.04,0.15,USDT
TRX-USDT,TRX,USDT,1000,1673517600000,1890748800000,50,0.01,0.01,0.00001,SWAP,linear,10000,2000,live,0.04,0.04,0.15,USDT
WAVES-USDT,WAVES,USDT,1,1673517600000,1890748800000,20,1,1,0.0001,SWAP,linear,33500,6700,live,0.06,0.06,0.15,USDT
DYDX-USDT,DYDX,USDT,1,1673517600000,1890748800000,75,1,1,0.001,SWAP,linear,12410000,60000,live,0.04,0.04,0.15,USDT
AAVE-USDT,AAVE,USDT,0.1,1673517600000,1890748800000,50,0.1,0.1,0.01,SWAP,linear,500000,12000,live,0.04,0.04,0.15,USDT
THETA-USDT,THETA,USDT,10,1673517600000,1890748800000,75,0.1,0.1,0.0001,SWAP,linear,800000,8500,live,0.04,0.04,0.15,USDT
ATOM-USDT,ATOM,USDT,1,1673517600000,1890748800000,75,1,1,0.001,SWAP,linear,2500000,14000,live,0.04,0.04,0.15,USDT
SUSHI-USDT,SUSHI,USDT,1,1673517600000,1890748800000,50,1,1,0.0001,SWAP,linear,10000000,60000,live,0.04,0.04,0.15,USDT
CRV-USDT,CRV,USDT,1,1673517600000,1890748800000,50,1,1,0.001,SWAP,linear,15787000,110000,live,0.04,0.04,0.15,USDT
ALGO-USDT,ALGO,USDT,10,1673517600000,1890748800000,50,1,1,0.0001,SWAP,linear,3594000,28000,live,0.04,0.04,0.15,USDT
EGLD-USDT,EGLD,USDT,0.1,1673517600000,1890748800000,75,1,1,0.001,SWAP,linear,6720000,200000,live,0.04,0.04,0.15,USDT
APT-USDT,APT,USDT,1,1673517600000,1890748800000,75,0.1,0.1,0.0001,SWAP,linear,2100000,25000,live,0.04,0.04,0.15,USDT
CHZ-USDT,CHZ,USDT,10,1673517600000,1890748800000,50,1,1,0.00001,SWAP,linear,3000000,55000,live,0.04,0.04,0.15,USDT
DASH-USDT,DASH,USDT,0.1,1673517600000,1890748800000,75,1,1,0.01,SWAP,linear,119000,24000,live,0.06,0.06,0.15,USDT
MASK-USDT,MASK,USDT,1,1673517600000,1890748800000,75,1,1,0.0001,SWAP,linear,9930000,20000,live,0.06,0.04,0.15,USDT
KSM-USDT,KSM,USDT,0.1,1673517600000,1890748800000,50,1,1,0.001,SWAP,linear,10000000,22000,live,0.04,0.04,0.15,USDT
QTUM-USDT,QTUM,USDT,1,1673517600000,1890748800000,20,1,1,0.001,SWAP,linear,4522000,17000,live,0.04,0.04,0.15,USDT
NEO-USDT,NEO,USDT,1,1673517600000,2521900800000,75,0.1,0.1,0.001,SWAP,linear,1100000,11000,live,0.04,0.04,0.15,USDT
YFI-USDT,YFI,USDT,0.0001,1673517600000,1890748800000,50,1,1,1,SWAP,linear,5000000,120000,live,0.04,0.04,0.15,USDT
ENJ-USDT,ENJ,USDT,1,1673517600000,1890748800000,50,1,1,0.00001,SWAP,linear,78020000,100000,live,0.04,0.04,0.15,USDT
ENS-USDT,ENS,USDT,0.1,1673517600000,1890748800000,20,1,1,0.001,SWAP,linear,5000000,60000,live,0.04,0.04,0.15,USDT
IOST-USDT,IOST,USDT,1000,1673517600000,1890748800000,20,1,1,0.000001,SWAP,linear,2800000,4200,live,0.04,0.04,0.15,USDT